# Blender 4.5.10 LTS
# www.blender.org
o actor_torso_upperarm_surface_rest_source_v1
v 0.141291 1.527843 0.148797
v 0.083429 1.486514 -0.104845
v 0.083822 1.460438 0.093921
v 0.099234 1.390401 -0.137890
v 0.106976 1.357919 0.148251
v 0.165356 0.793146 -0.215486
v 0.138194 0.716276 0.219681
v 0.125335 0.861067 0.233380
v 0.149721 0.903690 -0.182538
v 0.116500 1.218476 0.192241
v 0.117874 1.263360 -0.178116
v 0.214826 1.434562 -0.069345
v 0.214131 1.434022 0.070736
v 0.224711 1.369660 -0.108867
v 0.229797 1.354374 0.107318
v 0.311722 0.752492 -0.105936
v 0.301370 0.737455 0.106192
v 0.257429 1.218347 0.098857
v 0.251680 1.255235 -0.093551
v 0.292398 0.869962 0.117213
v 0.298513 0.891838 -0.095894
v 0.300290 1.401945 -0.035500
v 0.301559 1.401903 0.056937
v 0.341830 1.350457 -0.043852
v 0.342748 1.349375 0.069837
v 0.399535 1.284111 0.067975
v 0.397134 1.285595 -0.046372
v 0.336267 1.271173 0.097430
v 0.284414 1.355874 0.095802
v 0.260193 1.422239 0.064213
v 0.332013 1.277348 -0.089182
v 0.259659 1.422621 -0.056103
v 0.282188 1.361299 -0.089301
v 0.507156 1.157778 0.042480
v 0.499549 1.164288 -0.051814
v 0.467124 1.123154 0.073740
v 0.455957 1.125136 -0.079482
v 0.117376 1.039029 0.218242
v 0.132483 1.063065 -0.158068
v 0.272048 1.048511 0.108814
v 0.269414 1.081267 -0.091060
v 0.054314 0.601775 -0.165177
v 0.053629 0.540739 0.085040
v 0.149569 0.682802 -0.220978
v 0.159908 0.599682 0.162595
v 0.308519 0.638708 0.084693
v 0.311194 0.649451 -0.099076
v 0.176462 1.357101 0.126115
v 0.235980 0.899440 -0.155190
v 0.183801 1.266788 -0.146308
v 0.159265 1.443831 0.080964
v 0.160048 1.446909 -0.087912
v 0.171074 1.381853 -0.125724
v 0.252397 0.766557 -0.174232
v 0.234541 0.730209 0.174634
v 0.223741 0.862939 0.189520
v 0.186466 1.219966 0.156110
v 0.208673 1.037299 0.177829
v 0.211874 1.073202 -0.137849
v 0.252365 0.667761 -0.169138
v 0.254303 0.624290 0.137196
v 0.074829 0.498964 0.060046
v 0.310677 0.547770 -0.078315
v 0.254139 0.567969 -0.133686
v 0.080029 0.544897 -0.121573
v 0.180312 0.569367 -0.156102
v 0.034935 0.552630 -0.033533
v 0.056253 0.509681 -0.030315
v 0.164709 1.576274 -0.027930
v 0.098094 1.486475 -0.012635
v 0.211622 1.447211 0.001187
v 0.301189 1.405712 0.011542
v 0.355048 1.347164 0.015274
v 0.411673 1.285331 0.012501
v 0.255465 1.434890 0.004457
v 0.511232 1.168645 -0.003732
v 0.156316 1.457748 -0.005190
v 0.319110 0.744678 0.000046
v 0.308811 0.880138 0.009352
v 0.279160 1.182417 0.004947
v 0.285714 1.061259 0.006412
v 0.320992 0.643810 -0.005647
v -0.141291 1.527844 0.148797
v -0.000000 1.496079 0.174851
v -0.083440 1.486525 -0.104848
v -0.083823 1.460439 0.093921
v -0.000001 1.501493 -0.118601
v -0.000000 1.444070 0.112086
v -0.099243 1.390411 -0.137898
v -0.106975 1.357918 0.148250
v -0.000001 1.395274 -0.140585
v 0.000000 1.353296 0.162356
v -0.165356 0.793146 -0.215486
v -0.138194 0.716276 0.219681
v 0.000000 0.801002 -0.232795
v 0.000000 0.698239 0.253475
v 0.000000 0.915075 -0.194769
v 0.000000 0.855995 0.259112
v -0.125335 0.861067 0.233380
v -0.149721 0.903690 -0.182538
v 0.000000 1.265387 -0.188983
v -0.116502 1.218478 0.192244
v -0.117870 1.263355 -0.178110
v -0.000000 1.217063 0.213327
v -0.214857 1.434593 -0.069326
v -0.214131 1.434022 0.070736
v -0.224716 1.369665 -0.108868
v -0.229796 1.354373 0.107318
v -0.311722 0.752492 -0.105936
v -0.301370 0.737455 0.106192
v -0.257408 1.218328 0.098830
v -0.251679 1.255231 -0.093555
v -0.292398 0.869962 0.117212
v -0.298513 0.891838 -0.095893
v -0.300297 1.401952 -0.035482
v -0.301552 1.401896 0.056949
v -0.341823 1.350451 -0.043863
v -0.342752 1.349380 0.069830
v -0.399535 1.284116 0.067966
v -0.397133 1.285595 -0.046373
v -0.336265 1.271174 0.097428
v -0.284413 1.355873 0.095803
v -0.260188 1.422233 0.064221
v -0.332019 1.277351 -0.089187
v -0.259682 1.422643 -0.056075
v -0.282189 1.361300 -0.089300
v -0.506747 1.157519 0.042992
v -0.499646 1.164374 -0.051703
v -0.466756 1.122868 0.073701
v -0.456517 1.125551 -0.079609
v 0.000000 1.037879 0.241223
v 0.000000 1.070759 -0.166956
v -0.117376 1.039029 0.218242
v -0.132482 1.063065 -0.158066
v -0.272045 1.048509 0.108808
v -0.269415 1.081267 -0.091062
v -0.054314 0.601775 -0.165177
v -0.053629 0.540739 0.085040
v 0.000000 0.593319 -0.166302
v 0.000000 0.545818 0.106750
v -0.149569 0.682802 -0.220978
v 0.000000 0.692976 -0.233429
v -0.159908 0.599682 0.162595
v 0.000000 0.613423 0.207366
v -0.308519 0.638708 0.084693
v -0.311194 0.649451 -0.099076
v -0.176461 1.357101 0.126114
v -0.235980 0.899440 -0.155189
v -0.183789 1.266775 -0.146295
v -0.159266 1.443832 0.080964
v -0.160077 1.446938 -0.087911
v -0.171085 1.381864 -0.125728
v -0.252397 0.766557 -0.174232
v -0.234541 0.730209 0.174634
v -0.223741 0.862939 0.189520
v -0.186474 1.219974 0.156120
v -0.208673 1.037299 0.177829
v -0.211872 1.073200 -0.137845
v -0.252365 0.667761 -0.169138
v -0.254303 0.624290 0.137196
v -0.074829 0.498964 0.060046
v -0.310677 0.547770 -0.078315
v -0.254139 0.567969 -0.133686
v -0.080029 0.544897 -0.121573
v -0.180312 0.569366 -0.156102
v -0.034935 0.552630 -0.033533
v 0.000000 0.552332 -0.026367
v -0.056253 0.509681 -0.030315
v -0.164710 1.576274 -0.027929
v -0.098096 1.486477 -0.012637
v -0.211624 1.447213 0.001202
v -0.301188 1.405710 0.011559
v -0.355049 1.347167 0.015257
v -0.411671 1.285333 0.012491
v -0.255465 1.434890 0.004481
v -0.511231 1.168648 -0.003697
v -0.156319 1.457752 -0.005187
v -0.319110 0.744678 0.000046
v -0.308811 0.880138 0.009352
v -0.279144 1.182389 0.004758
v -0.285713 1.061258 0.006392
v -0.320992 0.643810 -0.005647
v 0.154491 1.519677 0.235492
v 0.165548 1.510823 0.321519
v 0.163272 1.562707 0.008523
v 0.159947 1.551067 0.047685
v 0.153720 1.540295 0.091419
v 0.287883 1.559638 0.175434
v 0.240771 1.550099 0.170149
v 0.193285 1.540617 0.162128
v 0.101238 1.513139 0.167751
v 0.066860 1.503814 0.174009
v 0.033308 1.498068 0.175182
v 0.083442 1.528967 -0.111684
v 0.094222 1.571968 -0.125024
v 0.113954 1.615770 -0.145248
v -0.000000 1.491565 0.239732
v -0.000000 1.482988 0.319609
v 0.097539 1.483208 0.015300
v 0.095847 1.479409 0.042895
v 0.092050 1.473218 0.068957
v 0.063302 1.494498 -0.114590
v 0.043152 1.498780 -0.117976
v 0.021887 1.500908 -0.118717
v 0.063903 1.454830 0.105503
v 0.043676 1.449554 0.110238
v 0.022185 1.445613 0.111875
v 0.084148 1.458122 -0.112022
v 0.088200 1.435248 -0.119031
v 0.093553 1.413230 -0.127421
v -0.000000 1.491999 0.133513
v -0.000000 1.480356 0.112982
v -0.000000 1.463573 0.107694
v 0.082015 1.482149 0.089328
v 0.091226 1.500637 0.093315
v 0.109387 1.516369 0.109197
v -0.000001 1.539898 -0.126703
v -0.000000 1.581971 -0.142300
v 0.190427 1.356114 0.120749
v 0.203880 1.355186 0.115699
v 0.216957 1.354533 0.111159
v 0.076402 1.392183 -0.139310
v 0.051876 1.393745 -0.140125
v 0.026220 1.394852 -0.140496
v 0.083170 1.356667 0.153513
v 0.056846 1.355136 0.158022
v 0.028843 1.353841 0.161171
v 0.000000 1.305196 -0.182879
v -0.000000 1.339433 -0.170710
v -0.000000 1.369118 -0.155579
v -0.000001 1.419180 -0.128434
v -0.000001 1.443144 -0.120241
v -0.000001 1.469727 -0.116723
v -0.000000 1.423737 0.121333
v -0.000000 1.402341 0.133555
v -0.000000 1.379115 0.147610
v 0.100610 1.385873 0.136181
v 0.093487 1.411548 0.123807
v 0.087087 1.435479 0.110593
v 0.158873 0.630573 0.182787
v 0.152704 0.658246 0.197834
v 0.145157 0.686423 0.210079
v 0.130555 0.797187 -0.222533
v 0.090150 0.799575 -0.228000
v 0.046009 0.800712 -0.231538
v 0.106919 0.710393 0.231478
v 0.072838 0.704533 0.242371
v 0.036887 0.700036 0.250367
v 0.000000 0.631896 0.223981
v 0.000000 0.650630 0.236909
v 0.000000 0.671965 0.246593
v 0.000000 0.811728 0.260585
v 0.000000 0.769520 0.260262
v 0.000000 0.731111 0.257954
v 0.115878 1.257769 0.182673
v 0.114353 1.294019 0.171862
v 0.111519 1.327358 0.160244
v 0.113805 1.303121 -0.173280
v 0.109380 1.336674 -0.163198
v 0.104542 1.365329 -0.150518
v 0.000000 0.827771 -0.225517
v 0.000000 0.855259 -0.216385
v 0.000000 0.884136 -0.205950
v 0.000000 0.991776 0.246723
v 0.000000 0.946123 0.251802
v 0.000000 0.900877 0.256063
v 0.133156 0.748644 0.226673
v 0.129778 0.783624 0.231186
v 0.127394 0.821128 0.233370
v 0.163528 0.818636 -0.208510
v 0.159779 0.845010 -0.200597
v 0.154910 0.873089 -0.191892
v 0.117617 0.906996 -0.187261
v 0.080947 0.910740 -0.191153
v 0.041235 0.913806 -0.193795
v 0.217739 0.900086 -0.163978
v 0.198388 0.900644 -0.171212
v 0.176268 0.901663 -0.177271
v 0.032744 0.856582 0.256902
v 0.064924 0.857982 0.251073
v 0.095975 0.859657 0.242831
v 0.000000 1.119500 -0.172055
v 0.000000 1.170054 -0.180123
v 0.000000 1.219617 -0.187113
v 0.116706 1.085574 0.212875
v 0.116566 1.131584 0.207017
v 0.116612 1.176178 0.200271
v 0.128839 1.113567 -0.162525
v 0.125273 1.165851 -0.169714
v 0.121660 1.216815 -0.176092
v 0.000000 1.324246 0.176773
v -0.000000 1.291849 0.190338
v -0.000000 1.256118 0.202656
v 0.031829 1.217215 0.211538
v 0.062576 1.217589 0.206801
v 0.091160 1.218052 0.200055
v 0.197039 1.267549 -0.136365
v 0.210879 1.267463 -0.125316
v 0.226495 1.265528 -0.112336
v 0.092649 1.263667 -0.182962
v 0.063787 1.264364 -0.186347
v 0.032500 1.265066 -0.188334
v 0.211327 1.447380 0.020153
v 0.211396 1.446289 0.038487
v 0.212205 1.442362 0.055558
v 0.216875 1.422733 -0.082982
v 0.219378 1.407167 -0.094253
v 0.222076 1.389073 -0.102951
v 0.354883 1.277069 0.093024
v 0.372483 1.280824 0.086639
v 0.387790 1.282988 0.078284
v 0.225844 1.379152 0.101730
v 0.221496 1.401469 0.093816
v 0.217382 1.420152 0.083506
v 0.317439 0.742830 0.028528
v 0.314662 0.740996 0.056232
v 0.309673 0.739196 0.082379
v 0.243649 1.264469 0.108763
v 0.237093 1.298512 0.111262
v 0.233109 1.327856 0.110582
v 0.237675 1.298659 -0.106981
v 0.231070 1.326835 -0.111366
v 0.227313 1.349529 -0.111775
v 0.299422 0.766152 0.110405
v 0.297384 0.797548 0.113848
v 0.295095 0.832024 0.116217
v 0.310003 0.782607 -0.104292
v 0.307166 0.815581 -0.101708
v 0.303305 0.851847 -0.098727
v 0.309456 0.883067 -0.019350
v 0.308772 0.886071 -0.047095
v 0.305534 0.889033 -0.072928
v 0.263260 1.094664 0.105469
v 0.255179 1.138778 0.102414
v 0.250893 1.179411 0.100038
v 0.259435 1.130494 -0.091440
v 0.250583 1.177129 -0.092107
v 0.245713 1.218898 -0.092784
v 0.277235 1.189516 -0.019153
v 0.272868 1.201314 -0.043194
v 0.265385 1.219975 -0.067195
v 0.141283 1.445785 0.083575
v 0.122188 1.448313 0.086329
v 0.103096 1.452471 0.089516
v 0.176288 1.443718 -0.083719
v 0.190448 1.440540 -0.078822
v 0.203104 1.437460 -0.073829
v 0.155602 1.384424 -0.129558
v 0.138645 1.386621 -0.132934
v 0.119942 1.388571 -0.135746
v 0.234853 0.773051 -0.186569
v 0.215830 0.780264 -0.197522
v 0.193330 0.787271 -0.207144
v 0.213429 0.727827 0.186692
v 0.190836 0.724876 0.197757
v 0.166009 0.721109 0.208522
v 0.244723 0.864063 0.174931
v 0.263748 0.865705 0.158165
v 0.279934 0.867720 0.139000
v 0.171809 1.219394 0.166319
v 0.155956 1.219038 0.175552
v 0.137868 1.218776 0.184098
v 0.301426 1.405757 0.025817
v 0.301599 1.405309 0.038974
v 0.301658 1.403862 0.049893
v 0.307563 1.393570 -0.037924
v 0.318046 1.380696 -0.040560
v 0.329843 1.365708 -0.042569
v 0.354954 1.347189 0.030432
v 0.353646 1.347486 0.044985
v 0.349963 1.348174 0.058323
v 0.330903 1.364757 0.067533
v 0.319254 1.380063 0.064427
v 0.308842 1.393291 0.060523
v 0.381059 1.304648 0.070913
v 0.366474 1.321014 0.071914
v 0.354227 1.335247 0.071408
v 0.379558 1.305527 -0.045318
v 0.365449 1.321817 -0.044829
v 0.353355 1.336208 -0.044486
v 0.411105 1.285714 -0.002634
v 0.409269 1.286067 -0.017603
v 0.404999 1.286117 -0.032237
v 0.269478 1.356013 0.098965
v 0.255671 1.355510 0.101630
v 0.242580 1.354813 0.104260
v 0.248571 1.425785 0.065516
v 0.237137 1.428787 0.067000
v 0.225716 1.431461 0.068722
v 0.351124 1.279998 -0.081837
v 0.369164 1.282380 -0.071803
v 0.384911 1.284310 -0.059756
v 0.271180 1.418246 -0.051480
v 0.282486 1.412998 -0.046023
v 0.292855 1.407056 -0.040193
v 0.266474 1.363508 -0.095999
v 0.251813 1.365433 -0.101027
v 0.237971 1.367382 -0.105084
v 0.279443 1.239320 0.100234
v 0.298853 1.252142 0.100735
v 0.317636 1.262767 0.099912
v 0.331296 1.351117 0.079076
v 0.316715 1.353066 0.086239
v 0.300568 1.354795 0.091691
v 0.294110 1.406984 0.059192
v 0.283611 1.412831 0.061400
v 0.272043 1.417955 0.062971
v 0.273650 1.267108 -0.094953
v 0.293459 1.271374 -0.095065
v 0.312802 1.274537 -0.093402
v 0.226125 1.431873 -0.065778
v 0.237246 1.429175 -0.062760
v 0.248365 1.426185 -0.059723
v 0.330201 1.352830 -0.057281
v 0.315398 1.355666 -0.069611
v 0.298898 1.358607 -0.080425
v 0.255503 1.434664 -0.011866
v 0.255935 1.433403 -0.027716
v 0.257179 1.429817 -0.042619
v 0.289734 1.344089 -0.091511
v 0.299359 1.325750 -0.091745
v 0.312857 1.304198 -0.090728
v 0.263669 1.410987 -0.067740
v 0.268991 1.395915 -0.077287
v 0.275279 1.378867 -0.084541
v 0.419141 1.260743 -0.048203
v 0.444582 1.231570 -0.050202
v 0.471950 1.199124 -0.051593
v 0.316181 1.297675 0.099837
v 0.302167 1.319208 0.100338
v 0.292239 1.337899 0.098978
v 0.277116 1.374627 0.090831
v 0.270368 1.393085 0.083981
v 0.264588 1.409529 0.075144
v 0.480272 1.133265 0.068348
v 0.491608 1.142777 0.061115
v 0.500709 1.151132 0.052374
v 0.510102 1.169779 -0.015947
v 0.508237 1.170027 -0.028089
v 0.504955 1.168499 -0.040071
v 0.469132 1.136040 -0.078096
v 0.481117 1.146965 -0.072182
v 0.491461 1.156796 -0.062975
v 0.452734 1.112996 0.076950
v 0.442100 1.115144 -0.075476
v 0.422743 1.165503 -0.083333
v 0.388952 1.205731 -0.085835
v 0.357899 1.243878 -0.087629
v 0.291659 1.218927 -0.075022
v 0.329818 1.177888 -0.061688
v 0.368766 1.134331 -0.049795
v 0.376378 1.125028 0.075681
v 0.335799 1.159926 0.079838
v 0.297440 1.192237 0.086540
v 0.431426 1.161524 0.080788
v 0.396219 1.200938 0.087445
v 0.363643 1.238379 0.093168
v 0.422871 1.257949 0.062909
v 0.449746 1.227087 0.056448
v 0.478315 1.193083 0.049516
v -0.000000 1.174854 0.222104
v 0.000000 1.130286 0.229343
v 0.000000 1.084311 0.235548
v 0.000000 0.948717 -0.183602
v 0.000000 0.985566 -0.174044
v 0.000000 1.026090 -0.167894
v 0.123097 0.903286 0.231422
v 0.120821 0.947353 0.227924
v 0.118813 0.992767 0.223370
v 0.144867 0.937560 -0.172941
v 0.140422 0.975157 -0.164534
v 0.136318 1.016864 -0.159011
v 0.289096 0.911501 0.116648
v 0.284854 0.955817 0.114799
v 0.279296 1.001843 0.112057
v 0.292845 0.935732 -0.093664
v 0.286200 0.982675 -0.092123
v 0.278436 1.031557 -0.091260
v 0.228035 1.039127 0.163978
v 0.245580 1.041978 0.147962
v 0.260516 1.045292 0.129625
v 0.284681 1.066757 -0.020737
v 0.282096 1.072696 -0.046767
v 0.277244 1.077918 -0.070575
v 0.228453 1.077126 -0.130050
v 0.244205 1.080279 -0.120174
v 0.258176 1.081910 -0.107438
v 0.030713 1.038132 0.239260
v 0.060878 1.038649 0.234073
v 0.089948 1.039069 0.226716
v 0.103744 1.064581 -0.161538
v 0.071250 1.067190 -0.164362
v 0.036251 1.069662 -0.166261
v 0.118417 0.658692 -0.215059
v 0.092754 0.638027 -0.203905
v 0.070952 0.618991 -0.187497
v 0.034402 0.544873 -0.000327
v 0.035839 0.539673 0.030552
v 0.041498 0.537979 0.059031
v 0.000000 0.665079 -0.224209
v 0.000000 0.638117 -0.210288
v 0.000000 0.613670 -0.191155
v 0.000000 0.546078 0.009469
v 0.000000 0.541651 0.043560
v 0.000000 0.540935 0.075967
v 0.042772 0.602166 -0.168566
v 0.029484 0.599069 -0.168596
v 0.015033 0.595210 -0.167197
v 0.042820 0.544313 0.092837
v 0.029785 0.545750 0.099811
v 0.015264 0.545951 0.104826
v 0.164683 0.767772 -0.221259
v 0.161800 0.741934 -0.225079
v 0.157089 0.714887 -0.225905
v 0.000000 0.774360 -0.237682
v 0.000000 0.747590 -0.239714
v 0.000000 0.720520 -0.238445
v 0.110965 0.691594 -0.229553
v 0.074524 0.693729 -0.232607
v 0.037464 0.693485 -0.233430
v 0.073634 0.548597 0.108486
v 0.099531 0.560977 0.129197
v 0.128568 0.577245 0.147027
v 0.000000 0.557470 0.135853
v 0.000000 0.574214 0.162750
v 0.000000 0.593662 0.186802
v 0.118804 0.606682 0.179368
v 0.079700 0.610582 0.193369
v 0.040026 0.612743 0.203471
v 0.233504 0.674068 -0.184208
v 0.212272 0.679868 -0.198264
v 0.186460 0.683790 -0.210765
v 0.307030 0.662341 0.090687
v 0.305265 0.686216 0.096285
v 0.303341 0.711023 0.101462
v 0.270427 0.628608 0.127246
v 0.285454 0.632548 0.115492
v 0.298460 0.635963 0.101464
v 0.312318 0.724763 -0.106203
v 0.312139 0.698791 -0.105084
v 0.311619 0.673910 -0.102676
v 0.321343 0.644585 -0.030288
v 0.320574 0.645613 -0.054416
v 0.317564 0.647151 -0.077517
v 0.127683 1.358498 0.142758
v 0.145717 1.358452 0.137195
v 0.161753 1.357934 0.131626
v 0.286920 0.894375 -0.115274
v 0.271706 0.896547 -0.131302
v 0.254263 0.898266 -0.144450
v 0.138647 1.263720 -0.171798
v 0.155760 1.264586 -0.164215
v 0.170411 1.265696 -0.155629
v 0.202155 1.436632 0.073068
v 0.189348 1.439219 0.075627
v 0.175216 1.441661 0.078298
v 0.102369 1.465761 -0.097673
v 0.121800 1.455862 -0.093935
v 0.141500 1.450385 -0.091066
v 0.211770 1.372472 -0.112928
v 0.198778 1.375629 -0.117221
v 0.185344 1.378851 -0.121552
v 0.300940 0.754826 -0.126684
v 0.286539 0.757703 -0.144693
v 0.269898 0.761492 -0.160397
v 0.288985 0.735773 0.127081
v 0.273103 0.734070 0.145213
v 0.254647 0.732249 0.160945
v 0.152582 0.861824 0.223641
v 0.177868 0.862144 0.213409
v 0.201489 0.862393 0.202198
v 0.232003 1.222371 0.117385
v 0.215709 1.221796 0.131839
v 0.200887 1.220823 0.144667
v 0.142754 1.038327 0.209448
v 0.166235 1.037403 0.200105
v 0.188110 1.036860 0.189728
v 0.156635 1.063576 -0.154145
v 0.177063 1.065826 -0.149621
v 0.195048 1.069231 -0.144266
v 0.300697 0.652713 -0.118730
v 0.286723 0.656908 -0.136706
v 0.270278 0.661952 -0.153382
v 0.195016 0.608297 0.158573
v 0.218547 0.614462 0.152876
v 0.237517 0.619658 0.145726
v 0.250330 0.648881 0.146816
v 0.245092 0.674693 0.156753
v 0.239520 0.701783 0.166271
v 0.253424 0.739534 -0.176013
v 0.253357 0.714468 -0.175982
v 0.252803 0.690747 -0.173802
v 0.218652 1.025464 -0.139394
v 0.224814 0.980727 -0.143423
v 0.230533 0.938787 -0.149001
v 0.202872 1.084628 0.173054
v 0.196777 1.131666 0.167895
v 0.191078 1.177189 0.162275
v 0.230845 0.760099 0.181226
v 0.228156 0.791864 0.185914
v 0.225960 0.825983 0.188683
v 0.183373 1.259050 0.149342
v 0.181230 1.294628 0.142036
v 0.179205 1.327159 0.134269
v 0.221053 0.903034 0.188482
v 0.217719 0.945854 0.185912
v 0.213629 0.990808 0.182224
v 0.241233 0.862524 -0.161160
v 0.245986 0.828042 -0.166515
v 0.249841 0.796038 -0.170968
v 0.156756 1.457630 -0.028713
v 0.157389 1.456668 -0.051013
v 0.158418 1.453536 -0.071083
v 0.189770 1.223190 -0.145267
v 0.196867 1.174567 -0.142338
v 0.204446 1.123655 -0.139274
v 0.172443 1.384659 0.117491
v 0.167692 1.409014 0.107676
v 0.163026 1.429095 0.095792
v 0.162395 1.435819 -0.100853
v 0.165230 1.420733 -0.110699
v 0.168230 1.402470 -0.118605
v 0.173587 1.359302 -0.132847
v 0.176175 1.333649 -0.139325
v 0.179393 1.303331 -0.144149
v 0.077673 0.482502 0.057141
v 0.181748 0.538524 0.123334
v 0.179555 0.557240 0.131620
v 0.173986 0.576459 0.143507
v 0.253692 0.595847 -0.143107
v 0.253042 0.621178 -0.152856
v 0.252497 0.644853 -0.161883
v 0.082415 0.518813 -0.112170
v 0.084037 0.489746 -0.104952
v 0.085547 0.459050 -0.099305
v 0.176522 0.599327 -0.170668
v 0.170852 0.627133 -0.187350
v 0.162833 0.653722 -0.204441
v 0.061703 0.534313 0.077423
v 0.067479 0.525065 0.070477
v 0.071631 0.513210 0.064564
v 0.311166 0.624831 -0.094440
v 0.311309 0.599792 -0.089145
v 0.311266 0.574163 -0.083625
v 0.254149 0.537016 -0.125425
v 0.309620 0.614740 0.078404
v 0.310220 0.590325 0.072235
v 0.256336 0.600788 0.128531
v 0.256752 0.577943 0.121072
v 0.256129 0.555249 0.114969
v 0.063665 0.595702 -0.157157
v 0.070916 0.583885 -0.145868
v 0.076295 0.566793 -0.133333
v 0.183651 0.502631 -0.136588
v 0.182520 0.536836 -0.144926
v 0.154095 0.565404 -0.153592
v 0.126422 0.559892 -0.147149
v 0.100623 0.553001 -0.136551
v 0.238071 0.570957 -0.143285
v 0.221323 0.572174 -0.150519
v 0.202527 0.571638 -0.154941
v 0.055227 0.503635 -0.006021
v 0.056205 0.499680 0.017251
v 0.061850 0.498047 0.039330
v 0.317295 0.544799 -0.061439
v 0.300007 0.552340 -0.094213
v 0.286171 0.557833 -0.108897
v 0.270453 0.563343 -0.122133
v 0.096697 0.502449 0.079102
v 0.124572 0.507674 0.095706
v 0.154459 0.513602 0.108939
v 0.043807 0.586617 -0.136688
v 0.038233 0.573461 -0.103764
v 0.035855 0.562176 -0.068636
v 0.000000 0.578141 -0.135640
v 0.000000 0.567207 -0.100758
v 0.000000 0.559082 -0.063664
v 0.067031 0.535842 -0.102255
v 0.060269 0.526470 -0.079697
v 0.057442 0.517508 -0.055262
v 0.041859 0.547089 -0.034049
v 0.047753 0.537953 -0.033442
v 0.052566 0.525419 -0.032076
v 0.058870 0.490974 -0.028470
v 0.060905 0.469685 -0.026629
v 0.062951 0.446238 -0.024825
v 0.027061 0.554653 -0.031739
v 0.018450 0.554320 -0.029351
v 0.009348 0.553069 -0.027262
v 0.163096 1.611647 -0.097698
v 0.164820 1.592543 -0.062935
v 0.092683 1.493315 -0.086464
v 0.096650 1.493250 -0.064601
v 0.098053 1.490272 -0.039642
v 0.213415 1.441863 -0.053602
v 0.212533 1.445528 -0.036239
v 0.211995 1.446872 -0.017796
v 0.300494 1.403755 -0.027685
v 0.300692 1.405137 -0.016166
v 0.300930 1.405637 -0.002767
v 0.349242 1.348819 -0.029688
v 0.353149 1.347836 -0.014997
v 0.354701 1.347340 0.000049
v 0.406859 1.284688 0.055802
v 0.410536 1.284963 0.042176
v 0.411747 1.285117 0.027581
v 0.257453 1.430017 0.051194
v 0.256055 1.433767 0.036530
v 0.255545 1.434916 0.020768
v 0.510783 1.162392 0.031714
v 0.512162 1.165364 0.020323
v 0.512076 1.167270 0.008429
v 0.157018 1.452615 0.062632
v 0.156066 1.456711 0.041490
v 0.155976 1.457848 0.018547
v 0.105149 1.472642 -0.009860
v 0.119440 1.464587 -0.007973
v 0.137614 1.460295 -0.006556
v 0.433274 1.261613 0.008807
v 0.458036 1.233621 0.004302
v 0.484505 1.202313 -0.000147
v 0.222901 1.444568 0.002092
v 0.233905 1.441798 0.002751
v 0.244728 1.438654 0.003446
v 0.266235 1.430212 0.005975
v 0.277272 1.424142 0.007834
v 0.288836 1.416150 0.009777
v 0.367331 1.333447 0.015707
v 0.379900 1.319729 0.015661
v 0.394200 1.304272 0.014725
v 0.314457 1.392586 0.012925
v 0.328223 1.377667 0.013947
v 0.341939 1.362134 0.014694
v 0.172850 1.455281 -0.003571
v 0.187169 1.452636 -0.001822
v 0.199888 1.449914 -0.000162
v 0.135063 1.555953 -0.024964
v 0.113528 1.531582 -0.020887
v 0.100930 1.507107 -0.016509
v 0.243677 1.598666 -0.028896
v 0.201472 1.589806 -0.029176
v 0.317943 0.750389 -0.082218
v 0.320416 0.748416 -0.056120
v 0.320388 0.746528 -0.028434
v 0.300593 0.872315 0.092736
v 0.305309 0.874777 0.066127
v 0.307674 0.877376 0.038095
v 0.270123 1.190240 0.075380
v 0.276212 1.180698 0.052556
v 0.278965 1.178988 0.028970
v 0.279656 1.051265 0.085508
v 0.283910 1.053932 0.060233
v 0.285650 1.057076 0.033647
v 0.315024 0.640696 0.064920
v 0.318626 0.642074 0.042737
v 0.320292 0.643044 0.018947
v 0.321535 0.619116 -0.006468
v 0.322052 0.593910 -0.007100
v 0.322183 0.568271 -0.007439
v 0.319995 0.717740 -0.001989
v 0.320430 0.692445 -0.003525
v 0.320675 0.668051 -0.004698
v 0.270536 1.171601 0.003646
v 0.271129 1.144462 0.003740
v 0.277376 1.106007 0.004801
v 0.299416 1.173774 0.007921
v 0.329126 1.150013 0.011981
v 0.364946 1.117307 0.016118
v 0.293196 1.014609 0.008024
v 0.299401 0.967988 0.009257
v 0.304536 0.922722 0.009798
v 0.312398 0.841273 0.007749
v 0.315320 0.806011 0.005343
v 0.317563 0.773948 0.002616
v 0.526003 1.128394 -0.050270
v 0.536809 1.133759 -0.006206
v -0.154491 1.519678 0.235492
v -0.165548 1.510823 0.321519
v -0.163272 1.562708 0.008523
v -0.159947 1.551067 0.047685
v -0.153720 1.540295 0.091418
v -0.287883 1.559638 0.175434
v -0.240771 1.550099 0.170149
v -0.193285 1.540617 0.162128
v -0.101238 1.513139 0.167751
v -0.066860 1.503814 0.174009
v -0.033308 1.498069 0.175182
v -0.083446 1.528971 -0.111684
v -0.094224 1.571969 -0.125023
v -0.113955 1.615771 -0.145247
v -0.097539 1.483208 0.015299
v -0.095846 1.479408 0.042895
v -0.092050 1.473217 0.068957
v -0.063308 1.494505 -0.114592
v -0.043156 1.498783 -0.117977
v -0.021890 1.500910 -0.118718
v -0.063904 1.454831 0.105504
v -0.043677 1.449554 0.110239
v -0.022186 1.445614 0.111876
v -0.084161 1.458136 -0.112029
v -0.088213 1.435261 -0.119040
v -0.093566 1.413242 -0.127430
v -0.082016 1.482150 0.089328
v -0.091226 1.500637 0.093315
v -0.109388 1.516369 0.109197
v -0.190426 1.356113 0.120748
v -0.203879 1.355184 0.115699
v -0.216956 1.354532 0.111159
v -0.076408 1.392189 -0.139316
v -0.051880 1.393748 -0.140129
v -0.026222 1.394854 -0.140498
v -0.083170 1.356666 0.153512
v -0.056846 1.355136 0.158022
v -0.028843 1.353841 0.161172
v -0.100610 1.385873 0.136181
v -0.093487 1.411548 0.123807
v -0.087088 1.435480 0.110594
v -0.158873 0.630573 0.182787
v -0.152704 0.658246 0.197834
v -0.145157 0.686423 0.210079
v -0.130555 0.797187 -0.222533
v -0.090150 0.799575 -0.228000
v -0.046009 0.800712 -0.231538
v -0.106919 0.710393 0.231478
v -0.072838 0.704533 0.242371
v -0.036887 0.700036 0.250367
v -0.115880 1.257770 0.182675
v -0.114353 1.294019 0.171863
v -0.111519 1.327357 0.160243
v -0.113802 1.303118 -0.173276
v -0.109381 1.336674 -0.163198
v -0.104546 1.365334 -0.150522
v -0.133156 0.748644 0.226673
v -0.129778 0.783624 0.231186
v -0.127394 0.821128 0.233370
v -0.163528 0.818635 -0.208510
v -0.159779 0.845010 -0.200597
v -0.154910 0.873089 -0.191891
v -0.117617 0.906996 -0.187261
v -0.080947 0.910740 -0.191153
v -0.041235 0.913805 -0.193795
v -0.217738 0.900086 -0.163977
v -0.198388 0.900644 -0.171211
v -0.176268 0.901663 -0.177271
v -0.032744 0.856581 0.256901
v -0.064924 0.857982 0.251073
v -0.095975 0.859657 0.242831
v -0.116706 1.085574 0.212875
v -0.116566 1.131584 0.207018
v -0.116613 1.176179 0.200272
v -0.128838 1.113566 -0.162523
v -0.125271 1.165848 -0.169711
v -0.121656 1.216811 -0.176086
v -0.031829 1.217216 0.211538
v -0.062576 1.217589 0.206801
v -0.091161 1.218053 0.200056
v -0.197026 1.267535 -0.136352
v -0.210865 1.267449 -0.125303
v -0.226483 1.265515 -0.112326
v -0.092647 1.263664 -0.182959
v -0.063786 1.264363 -0.186346
v -0.032500 1.265066 -0.188334
v -0.211325 1.447377 0.020163
v -0.211392 1.446285 0.038492
v -0.212203 1.442359 0.055560
v -0.216906 1.422765 -0.082970
v -0.219404 1.407193 -0.094247
v -0.222092 1.389089 -0.102950
v -0.354883 1.277072 0.093020
v -0.372483 1.280829 0.086633
v -0.387790 1.282993 0.078277
v -0.225843 1.379151 0.101731
v -0.221496 1.401471 0.093816
v -0.217383 1.420153 0.083506
v -0.317439 0.742830 0.028528
v -0.314662 0.740995 0.056232
v -0.309673 0.739196 0.082379
v -0.243658 1.264479 0.108772
v -0.237099 1.298519 0.111266
v -0.233110 1.327857 0.110583
v -0.237661 1.298645 -0.106973
v -0.231059 1.326824 -0.111362
v -0.227309 1.349526 -0.111774
v -0.299422 0.766152 0.110405
v -0.297384 0.797548 0.113848
v -0.295095 0.832024 0.116217
v -0.310003 0.782607 -0.104292
v -0.307166 0.815581 -0.101708
v -0.303305 0.851846 -0.098727
v -0.309456 0.883067 -0.019349
v -0.308772 0.886071 -0.047094
v -0.305534 0.889033 -0.072928
v -0.263253 1.094657 0.105453
v -0.255157 1.138757 0.102371
v -0.250854 1.179375 0.099975
v -0.259441 1.130496 -0.091454
v -0.250599 1.177137 -0.092143
v -0.245728 1.218906 -0.092815
v -0.277247 1.189511 -0.019320
v -0.272897 1.201326 -0.043319
v -0.265417 1.219992 -0.067273
v -0.141285 1.445785 0.083575
v -0.122188 1.448314 0.086330
v -0.103096 1.452471 0.089516
v -0.176319 1.443750 -0.083713
v -0.190480 1.440572 -0.078812
v -0.203135 1.437492 -0.073815
v -0.155614 1.384436 -0.129564
v -0.138657 1.386633 -0.132941
v -0.119953 1.388582 -0.135754
v -0.234853 0.773051 -0.186569
v -0.215829 0.780263 -0.197522
v -0.193330 0.787270 -0.207144
v -0.213429 0.727826 0.186692
v -0.190836 0.724876 0.197757
v -0.166009 0.721109 0.208522
v -0.244723 0.864063 0.174931
v -0.263748 0.865705 0.158165
v -0.279934 0.867719 0.139000
v -0.171816 1.219400 0.166328
v -0.155961 1.219043 0.175559
v -0.137871 1.218779 0.184103
v -0.301422 1.405753 0.025834
v -0.301594 1.405303 0.038989
v -0.301652 1.403855 0.049907
v -0.307568 1.393575 -0.037912
v -0.318048 1.380698 -0.040556
v -0.329839 1.365705 -0.042575
v -0.354958 1.347194 0.030416
v -0.353651 1.347492 0.044971
v -0.349968 1.348181 0.058313
v -0.330904 1.364758 0.067532
v -0.319250 1.380059 0.064433
v -0.308836 1.393285 0.060534
v -0.381065 1.304658 0.070900
v -0.366482 1.321024 0.071901
v -0.354234 1.335257 0.071397
v -0.379552 1.305523 -0.045326
v -0.365442 1.321810 -0.044841
v -0.353347 1.336202 -0.044499
v -0.411103 1.285714 -0.002642
v -0.409265 1.286065 -0.017608
v -0.404997 1.286116 -0.032240
v -0.269476 1.356012 0.098966
v -0.255669 1.355509 0.101630
v -0.242579 1.354813 0.104260
v -0.248567 1.425781 0.065521
v -0.237134 1.428785 0.067003
v -0.225714 1.431459 0.068723
v -0.351130 1.280002 -0.081840
v -0.369168 1.282383 -0.071804
v -0.384912 1.284311 -0.059757
v -0.271198 1.418263 -0.051453
v -0.282500 1.413012 -0.045999
v -0.292864 1.407065 -0.040173
v -0.266477 1.363511 -0.095998
v -0.251816 1.365436 -0.101027
v -0.237975 1.367387 -0.105084
v -0.279429 1.239308 0.100221
v -0.298842 1.252134 0.100728
v -0.317629 1.262763 0.099908
v -0.331298 1.351121 0.079072
v -0.316716 1.353068 0.086238
v -0.300568 1.354795 0.091691
v -0.294102 1.406977 0.059205
v -0.283604 1.412825 0.061412
v -0.272036 1.417948 0.062981
v -0.273649 1.267103 -0.094957
v -0.293460 1.271372 -0.095071
v -0.312805 1.274538 -0.093408
v -0.226154 1.431902 -0.065757
v -0.237273 1.429202 -0.062735
v -0.248390 1.426210 -0.059696
v -0.330195 1.352825 -0.057288
v -0.315394 1.355663 -0.069614
v -0.298897 1.358607 -0.080425
v -0.255509 1.434670 -0.011839
v -0.255947 1.433414 -0.027686
v -0.257197 1.429835 -0.042589
v -0.289730 1.344085 -0.091513
v -0.299352 1.325743 -0.091748
v -0.312852 1.304192 -0.090731
v -0.263691 1.411009 -0.067718
v -0.269009 1.395934 -0.077273
v -0.275289 1.378877 -0.084536
v -0.419143 1.260746 -0.048199
v -0.444582 1.231571 -0.050202
v -0.471949 1.199124 -0.051593
v -0.316185 1.297680 0.099835
v -0.302171 1.319212 0.100337
v -0.292241 1.337900 0.098978
v -0.277112 1.374624 0.090833
v -0.270363 1.393080 0.083985
v -0.264583 1.409524 0.075150
v -0.479862 1.132960 0.068423
v -0.491126 1.142432 0.061352
v -0.500195 1.150784 0.052803
v -0.510101 1.169779 -0.015947
v -0.508239 1.170030 -0.028080
v -0.504980 1.168523 -0.040026
v -0.469675 1.136458 -0.078070
v -0.481560 1.147320 -0.072030
v -0.491725 1.157017 -0.062791
v -0.452383 1.112713 0.076813
v -0.422654 1.165437 -0.083311
v -0.388985 1.205758 -0.085845
v -0.357931 1.243901 -0.087641
v -0.291702 1.218953 -0.075098
v -0.329946 1.177964 -0.061933
v -0.369158 1.134550 -0.050587
v -0.375800 1.124508 0.074937
v -0.335880 1.159999 0.079946
v -0.297379 1.192181 0.086462
v -0.431388 1.161494 0.080782
v -0.396203 1.200921 0.087444
v -0.363623 1.238362 0.093165
v -0.422865 1.257948 0.062908
v -0.449748 1.227090 0.056444
v -0.478315 1.193084 0.049515
v -0.123097 0.903286 0.231422
v -0.120821 0.947353 0.227924
v -0.118813 0.992767 0.223370
v -0.144867 0.937560 -0.172940
v -0.140422 0.975156 -0.164533
v -0.136317 1.016863 -0.159010
v -0.289096 0.911500 0.116647
v -0.284853 0.955816 0.114798
v -0.279295 1.001842 0.112054
v -0.292845 0.935732 -0.093662
v -0.286199 0.982674 -0.092119
v -0.278436 1.031556 -0.091257
v -0.228035 1.039127 0.163977
v -0.245580 1.041978 0.147960
v -0.260514 1.045291 0.129622
v -0.284682 1.066757 -0.020754
v -0.282098 1.072697 -0.046780
v -0.277246 1.077919 -0.070582
v -0.228452 1.077124 -0.130045
v -0.244204 1.080277 -0.120171
v -0.258175 1.081908 -0.107436
v -0.030713 1.038132 0.239260
v -0.060878 1.038649 0.234073
v -0.089948 1.039069 0.226716
v -0.103744 1.064580 -0.161538
v -0.071250 1.067191 -0.164362
v -0.036251 1.069662 -0.166261
v -0.118417 0.658692 -0.215059
v -0.092754 0.638027 -0.203905
v -0.070952 0.618991 -0.187498
v -0.034402 0.544873 -0.000327
v -0.035839 0.539673 0.030552
v -0.041498 0.537979 0.059031
v -0.042772 0.602166 -0.168566
v -0.029484 0.599069 -0.168596
v -0.015033 0.595210 -0.167197
v -0.042820 0.544313 0.092837
v -0.029785 0.545750 0.099811
v -0.015264 0.545951 0.104826
v -0.164683 0.767772 -0.221259
v -0.161800 0.741934 -0.225079
v -0.157089 0.714887 -0.225905
v -0.110965 0.691594 -0.229553
v -0.074524 0.693729 -0.232607
v -0.037464 0.693485 -0.233430
v -0.073634 0.548597 0.108486
v -0.099531 0.560977 0.129197
v -0.128568 0.577245 0.147027
v -0.118804 0.606682 0.179368
v -0.079700 0.610582 0.193369
v -0.040026 0.612743 0.203471
v -0.233504 0.674068 -0.184208
v -0.212272 0.679868 -0.198264
v -0.186460 0.683790 -0.210765
v -0.307030 0.662341 0.090687
v -0.305265 0.686215 0.096285
v -0.303341 0.711023 0.101462
v -0.270427 0.628608 0.127246
v -0.285454 0.632548 0.115492
v -0.298460 0.635963 0.101464
v -0.312318 0.724763 -0.106203
v -0.312139 0.698791 -0.105084
v -0.311619 0.673910 -0.102676
v -0.321343 0.644584 -0.030288
v -0.320574 0.645613 -0.054416
v -0.317564 0.647151 -0.077517
v -0.127682 1.358497 0.142757
v -0.145716 1.358451 0.137194
v -0.161751 1.357934 0.131625
v -0.286919 0.894374 -0.115273
v -0.271706 0.896547 -0.131301
v -0.254263 0.898266 -0.144449
v -0.138640 1.263712 -0.171790
v -0.155751 1.264576 -0.164204
v -0.170401 1.265684 -0.155617
v -0.202156 1.436632 0.073067
v -0.189349 1.439221 0.075627
v -0.175217 1.441663 0.078297
v -0.102385 1.465777 -0.097678
v -0.121820 1.455883 -0.093940
v -0.141526 1.450411 -0.091069
v -0.211776 1.372479 -0.112929
v -0.198786 1.375638 -0.117223
v -0.185353 1.378861 -0.121555
v -0.300940 0.754826 -0.126684
v -0.286539 0.757703 -0.144693
v -0.269898 0.761492 -0.160397
v -0.288985 0.735773 0.127080
v -0.273103 0.734071 0.145213
v -0.254647 0.732249 0.160945
v -0.152582 0.861824 0.223641
v -0.177868 0.862144 0.213409
v -0.201489 0.862393 0.202198
v -0.232004 1.222373 0.117387
v -0.215717 1.221804 0.131850
v -0.200897 1.220832 0.144679
v -0.142754 1.038327 0.209448
v -0.166234 1.037403 0.200105
v -0.188110 1.036860 0.189727
v -0.156635 1.063574 -0.154142
v -0.177061 1.065825 -0.149618
v -0.195046 1.069229 -0.144262
v -0.300697 0.652713 -0.118730
v -0.286723 0.656908 -0.136706
v -0.270278 0.661952 -0.153382
v -0.195016 0.608297 0.158573
v -0.218547 0.614463 0.152876
v -0.237517 0.619658 0.145726
v -0.250330 0.648881 0.146816
v -0.245092 0.674693 0.156753
v -0.239520 0.701783 0.166271
v -0.253424 0.739534 -0.176013
v -0.253357 0.714468 -0.175982
v -0.252803 0.690747 -0.173802
v -0.218650 1.025462 -0.139389
v -0.224813 0.980726 -0.143420
v -0.230532 0.938786 -0.148999
v -0.202872 1.084628 0.173054
v -0.196778 1.131668 0.167898
v -0.191083 1.177193 0.162281
v -0.230845 0.760099 0.181226
v -0.228156 0.791863 0.185914
v -0.225960 0.825983 0.188683
v -0.183382 1.259059 0.149353
v -0.181236 1.294633 0.142042
v -0.179206 1.327160 0.134270
v -0.221053 0.903034 0.188481
v -0.217719 0.945854 0.185912
v -0.213629 0.990807 0.182224
v -0.241233 0.862524 -0.161159
v -0.245986 0.828042 -0.166515
v -0.249841 0.796038 -0.170968
v -0.156766 1.457640 -0.028710
v -0.157408 1.456687 -0.051010
v -0.158444 1.453562 -0.071080
v -0.189762 1.223180 -0.145256
v -0.196863 1.174562 -0.142331
v -0.204444 1.123652 -0.139269
v -0.172443 1.384658 0.117491
v -0.167694 1.409016 0.107676
v -0.163029 1.429098 0.095792
v -0.162425 1.435850 -0.100854
v -0.165257 1.420761 -0.110703
v -0.168250 1.402492 -0.118611
v -0.173588 1.359303 -0.132848
v -0.176169 1.333643 -0.139321
v -0.179382 1.303319 -0.144139
v -0.181748 0.538524 0.123334
v -0.179555 0.557240 0.131620
v -0.173986 0.576459 0.143507
v -0.253692 0.595847 -0.143107
v -0.253042 0.621178 -0.152856
v -0.252497 0.644853 -0.161883
v -0.082415 0.518813 -0.112170
v -0.176522 0.599327 -0.170668
v -0.170852 0.627133 -0.187350
v -0.162833 0.653722 -0.204441
v -0.061703 0.534313 0.077423
v -0.067479 0.525065 0.070477
v -0.071631 0.513210 0.064564
v -0.311166 0.624831 -0.094440
v -0.311309 0.599792 -0.089145
v -0.311266 0.574163 -0.083625
v -0.254150 0.537016 -0.125425
v -0.309620 0.614739 0.078404
v -0.310220 0.590325 0.072235
v -0.310206 0.565470 0.066677
v -0.256336 0.600788 0.128531
v -0.256752 0.577943 0.121072
v -0.256129 0.555249 0.114969
v -0.063665 0.595702 -0.157157
v -0.070916 0.583885 -0.145868
v -0.076295 0.566793 -0.133333
v -0.182520 0.536836 -0.144926
v -0.154095 0.565404 -0.153592
v -0.126422 0.559892 -0.147149
v -0.100623 0.553001 -0.136551
v -0.238071 0.570957 -0.143285
v -0.221323 0.572174 -0.150519
v -0.202527 0.571638 -0.154941
v -0.055227 0.503635 -0.006021
v -0.056205 0.499680 0.017251
v -0.061850 0.498047 0.039330
v -0.317295 0.544799 -0.061439
v -0.300007 0.552340 -0.094213
v -0.286171 0.557833 -0.108897
v -0.270453 0.563344 -0.122133
v -0.043807 0.586617 -0.136688
v -0.038233 0.573461 -0.103764
v -0.035855 0.562175 -0.068636
v -0.067031 0.535842 -0.102255
v -0.060269 0.526470 -0.079697
v -0.057442 0.517508 -0.055262
v -0.041859 0.547089 -0.034049
v -0.047753 0.537953 -0.033442
v -0.052566 0.525418 -0.032076
v -0.058870 0.490974 -0.028470
v -0.027061 0.554653 -0.031739
v -0.018450 0.554320 -0.029351
v -0.009348 0.553068 -0.027262
v -0.163096 1.611647 -0.097697
v -0.164820 1.592543 -0.062934
v -0.092693 1.493326 -0.086466
v -0.096659 1.493258 -0.064603
v -0.098059 1.490278 -0.039644
v -0.213440 1.441888 -0.053580
v -0.212550 1.445545 -0.036217
v -0.212004 1.446880 -0.017776
v -0.300500 1.403761 -0.027668
v -0.300696 1.405140 -0.016148
v -0.300931 1.405638 -0.002750
v -0.349236 1.348814 -0.029703
v -0.353145 1.347833 -0.015014
v -0.354700 1.347340 0.000031
v -0.406859 1.284692 0.055793
v -0.410535 1.284967 0.042166
v -0.411746 1.285119 0.027570
v -0.257447 1.430011 0.051205
v -0.256050 1.433761 0.036544
v -0.255542 1.434912 0.020787
v -0.510530 1.162247 0.032174
v -0.512060 1.165315 0.020608
v -0.512051 1.167265 0.008563
v -0.157018 1.452615 0.062632
v -0.156064 1.456710 0.041491
v -0.155975 1.457846 0.018549
v -0.105151 1.472644 -0.009863
v -0.119442 1.464589 -0.007975
v -0.137617 1.460298 -0.006557
v -0.433273 1.261614 0.008800
v -0.458035 1.233622 0.004298
v -0.484504 1.202313 -0.000148
v -0.222902 1.444569 0.002110
v -0.233906 1.441799 0.002772
v -0.244729 1.438654 0.003468
v -0.266235 1.430211 0.005999
v -0.277272 1.424141 0.007858
v -0.288836 1.416149 0.009798
v -0.367332 1.333450 0.015687
v -0.379901 1.319733 0.015642
v -0.394200 1.304274 0.014709
v -0.314456 1.392584 0.012935
v -0.328223 1.377666 0.013946
v -0.341939 1.362136 0.014684
v -0.172853 1.455283 -0.003565
v -0.187171 1.452639 -0.001812
v -0.199890 1.449916 -0.000150
v -0.135063 1.555953 -0.024963
v -0.113529 1.531583 -0.020885
v -0.100932 1.507109 -0.016509
v -0.243677 1.598666 -0.028896
v -0.201472 1.589806 -0.029176
v -0.317943 0.750389 -0.082218
v -0.320416 0.748416 -0.056120
v -0.320388 0.746528 -0.028434
v -0.300593 0.872315 0.092736
v -0.305309 0.874777 0.066127
v -0.307674 0.877376 0.038095
v -0.270062 1.190183 0.075271
v -0.276151 1.180637 0.052402
v -0.278920 1.178938 0.028786
v -0.279653 1.051262 0.085498
v -0.283907 1.053928 0.060218
v -0.285647 1.057073 0.033628
v -0.315024 0.640696 0.064920
v -0.318626 0.642074 0.042737
v -0.320292 0.643044 0.018947
v -0.321535 0.619115 -0.006468
v -0.322052 0.593910 -0.007100
v -0.322184 0.568271 -0.007439
v -0.319995 0.717740 -0.001989
v -0.320430 0.692446 -0.003525
v -0.320675 0.668051 -0.004698
v -0.270525 1.171578 0.003470
v -0.271122 1.144446 0.003601
v -0.277374 1.106000 0.004740
v -0.299391 1.173736 0.007694
v -0.329074 1.149936 0.011579
v -0.364845 1.117160 0.015404
v -0.293196 1.014608 0.008017
v -0.299401 0.967987 0.009255
v -0.304536 0.922722 0.009799
v -0.312398 0.841273 0.007749
v -0.315320 0.806011 0.005343
v -0.317563 0.773948 0.002616
v -0.526211 1.128575 -0.050045
v -0.533431 1.122066 0.037515
v -0.536824 1.133790 -0.006009
v 0.037380 1.493766 0.240190
v 0.075064 1.499879 0.240042
v 0.113583 1.509050 0.237656
v 0.041312 1.485440 0.320106
v 0.082607 1.491898 0.320850
v 0.123927 1.500943 0.321090
v 0.085981 1.506892 0.125783
v 0.058174 1.498972 0.132348
v 0.029266 1.493821 0.133763
v 0.073157 1.493206 0.106293
v 0.050533 1.486644 0.111842
v 0.025737 1.482066 0.113144
v 0.065738 1.475359 0.101165
v 0.045522 1.469474 0.106275
v 0.023246 1.465216 0.107692
v 0.021637 1.469139 -0.116857
v 0.042937 1.467213 -0.116561
v 0.063683 1.463695 -0.114942
v 0.022585 1.442604 -0.120364
v 0.044924 1.441041 -0.120407
v 0.066809 1.438547 -0.119973
v 0.024263 1.418696 -0.128478
v 0.048173 1.417393 -0.128460
v 0.071379 1.415495 -0.128164
v 0.133686 1.544508 0.009164
v 0.130190 1.534633 0.044182
v 0.123135 1.525532 0.079197
v 0.112390 1.522932 0.010858
v 0.109278 1.515322 0.042115
v 0.102852 1.508005 0.070895
v 0.100091 1.501351 0.013137
v 0.097593 1.495830 0.042113
v 0.092173 1.489450 0.068539
v 0.090124 1.621752 -0.159177
v 0.026784 1.581687 -0.142365
v 0.052520 1.580419 -0.141096
v 0.075856 1.577482 -0.136203
v 0.023671 1.539412 -0.126810
v 0.046348 1.537509 -0.125798
v 0.066907 1.533724 -0.121577
v 0.097692 0.818287 0.243289
v 0.066151 0.815208 0.252015
v 0.033382 0.812740 0.258222
v 0.099711 0.779231 0.241663
v 0.067606 0.774627 0.250998
v 0.034142 0.770995 0.257697
v 0.102597 0.743073 0.237783
v 0.069699 0.737360 0.247844
v 0.035239 0.732907 0.255141
v 0.066389 1.432618 0.115510
v 0.045001 1.428430 0.119151
v 0.022749 1.425079 0.120909
v 0.071546 1.409162 0.127716
v 0.048456 1.406019 0.130922
v 0.024465 1.403414 0.132899
v 0.077613 1.384048 0.140531
v 0.052778 1.381800 0.144190
v 0.026701 1.379908 0.146688
v 0.192474 1.302909 -0.135241
v 0.189432 1.332173 -0.132092
v 0.187280 1.356940 -0.127361
v 0.206006 1.301878 -0.125760
v 0.202684 1.330333 -0.124737
v 0.200532 1.354324 -0.121853
v 0.220789 1.300128 -0.115726
v 0.216426 1.328354 -0.117529
v 0.213745 1.351741 -0.116555
v 0.041757 0.631767 0.220059
v 0.082901 0.631232 0.209962
v 0.122617 0.630315 0.196337
v 0.041064 0.651275 0.233177
v 0.081080 0.652900 0.223647
v 0.118867 0.655165 0.210901
v 0.039096 0.673328 0.243159
v 0.077082 0.676794 0.234385
v 0.112834 0.681445 0.222577
v 0.183090 1.399126 -0.114960
v 0.180641 1.417292 -0.106997
v 0.178279 1.432455 -0.096855
v 0.196738 1.395615 -0.110964
v 0.194489 1.413759 -0.102766
v 0.192304 1.429066 -0.092196
v 0.209593 1.392184 -0.106876
v 0.207245 1.410322 -0.098390
v 0.204994 1.425783 -0.087398
v 0.042849 0.883055 -0.204832
v 0.084049 0.880334 -0.201796
v 0.121952 0.876751 -0.197323
v 0.044366 0.854434 -0.215137
v 0.086964 0.852207 -0.211742
v 0.126024 0.848943 -0.206722
v 0.045512 0.827226 -0.224207
v 0.089171 0.825556 -0.220605
v 0.129127 0.822709 -0.215208
v 0.037273 1.024832 -0.167176
v 0.073269 1.021967 -0.165240
v 0.106710 1.018857 -0.162410
v 0.038436 0.984217 -0.173273
v 0.075540 0.981100 -0.171195
v 0.109979 0.977614 -0.168165
v 0.039752 0.947359 -0.182747
v 0.078090 0.944166 -0.180432
v 0.113599 0.940459 -0.177037
v 0.178541 1.427105 0.092490
v 0.182681 1.407282 0.103842
v 0.186891 1.383262 0.113034
v 0.192507 1.424874 0.089272
v 0.196452 1.405371 0.100199
v 0.200478 1.381782 0.108856
v 0.205322 1.422517 0.086243
v 0.209294 1.403393 0.096829
v 0.213398 1.380364 0.105055
v 0.090831 0.992859 0.231987
v 0.061373 0.992491 0.239462
v 0.030932 0.992013 0.244730
v 0.092324 0.947317 0.236740
v 0.062363 0.946877 0.244383
v 0.031425 0.946367 0.249766
v 0.094136 0.902798 0.240510
v 0.063621 0.901983 0.248398
v 0.032070 0.901217 0.253959
v 0.087165 1.326497 0.166372
v 0.059789 1.325469 0.171661
v 0.030398 1.324608 0.175372
v 0.089629 1.293381 0.178704
v 0.061592 1.292669 0.184616
v 0.031348 1.292089 0.188770
v 0.090860 1.257255 0.190076
v 0.062455 1.256716 0.196470
v 0.031792 1.256290 0.200960
v 0.220046 1.127490 -0.130927
v 0.211464 1.177685 -0.133111
v 0.203537 1.225198 -0.135330
v 0.234953 1.130514 -0.120709
v 0.225701 1.179921 -0.122225
v 0.217511 1.226284 -0.123947
v 0.248364 1.131834 -0.107816
v 0.239043 1.180251 -0.108857
v 0.231808 1.225270 -0.110223
v 0.028080 1.368769 -0.155332
v 0.055382 1.367873 -0.154501
v 0.081129 1.366652 -0.152943
v 0.029756 1.339146 -0.170304
v 0.058548 1.338437 -0.169001
v 0.085411 1.337536 -0.166675
v 0.031234 1.304929 -0.182331
v 0.061355 1.304308 -0.180619
v 0.089249 1.303613 -0.177637
v 0.277268 1.405686 0.073051
v 0.284111 1.389895 0.081060
v 0.292051 1.372340 0.087205
v 0.289674 1.401296 0.070311
v 0.297704 1.386345 0.077217
v 0.306952 1.369659 0.082436
v 0.300723 1.396714 0.066371
v 0.309883 1.382831 0.071884
v 0.320387 1.366987 0.076041
v 0.310986 0.838780 0.036676
v 0.308391 0.836384 0.064880
v 0.303473 0.834120 0.091635
v 0.313711 0.803738 0.034313
v 0.310945 0.801529 0.062546
v 0.305883 0.799445 0.089303
v 0.315858 0.771879 0.031449
v 0.313019 0.769853 0.059528
v 0.307917 0.767925 0.086099
v 0.292967 1.010757 0.035694
v 0.291222 1.007615 0.062702
v 0.286989 1.004777 0.088379
v 0.298904 0.964511 0.037341
v 0.297017 0.961494 0.064747
v 0.292685 0.958680 0.090793
v 0.303719 0.919622 0.038250
v 0.301608 0.916803 0.066006
v 0.297101 0.914138 0.092371
v 0.309529 1.338360 0.094657
v 0.320357 1.321437 0.095988
v 0.334868 1.301761 0.095504
v 0.326691 1.337733 0.088798
v 0.338178 1.322085 0.089914
v 0.352875 1.303868 0.089291
v 0.342124 1.336527 0.081135
v 0.354069 1.321746 0.081944
v 0.368754 1.304621 0.081119
v 0.172468 1.455460 0.019016
v 0.172474 1.454376 0.040791
v 0.173260 1.450341 0.060852
v 0.186785 1.452844 0.019499
v 0.186770 1.451778 0.040046
v 0.187500 1.447788 0.059021
v 0.199535 1.450114 0.019906
v 0.199546 1.449041 0.039271
v 0.200296 1.445085 0.057227
v 0.267478 0.791581 -0.157873
v 0.263877 0.824428 -0.154126
v 0.259377 0.860000 -0.149527
v 0.284346 0.788019 -0.142671
v 0.281012 0.821197 -0.139468
v 0.276733 0.857339 -0.135528
v 0.299002 0.785109 -0.124949
v 0.295930 0.818273 -0.122131
v 0.291857 0.854601 -0.118737
v 0.233809 0.992528 0.168131
v 0.238368 0.947367 0.171608
v 0.241933 0.904321 0.174009
v 0.252030 0.995282 0.151844
v 0.257006 0.949805 0.155104
v 0.260811 0.906347 0.157344
v 0.267468 0.998558 0.133205
v 0.272783 0.952759 0.136225
v 0.276820 0.908833 0.138289
v 0.192829 1.326646 0.127576
v 0.194758 1.294603 0.133734
v 0.197149 1.259480 0.139363
v 0.206255 1.326354 0.121134
v 0.208411 1.294864 0.125365
v 0.211358 1.260092 0.128673
v 0.219635 1.326622 0.115318
v 0.222461 1.295852 0.117482
v 0.226632 1.261150 0.117718
v 0.246989 0.827077 0.174051
v 0.249119 0.793088 0.171371
v 0.251532 0.761633 0.166975
v 0.266122 0.828470 0.157260
v 0.268256 0.794410 0.154694
v 0.270475 0.763090 0.150625
v 0.282458 0.830130 0.138064
v 0.284650 0.795880 0.135610
v 0.286747 0.764564 0.131871
v 0.314607 1.392649 0.027217
v 0.314266 1.392604 0.040502
v 0.312818 1.392424 0.051832
v 0.328273 1.377733 0.028476
v 0.327449 1.377991 0.042216
v 0.324839 1.378586 0.054408
v 0.341905 1.362179 0.029545
v 0.340771 1.362516 0.043738
v 0.337471 1.363305 0.056614
v 0.367202 1.333471 0.031074
v 0.365785 1.333736 0.045867
v 0.361865 1.334307 0.059505
v 0.379775 1.319742 0.031104
v 0.378322 1.319962 0.045997
v 0.374301 1.320386 0.059786
v 0.394138 1.304221 0.030081
v 0.392746 1.304321 0.044915
v 0.388796 1.304491 0.058701
v 0.297721 1.179711 -0.014322
v 0.294602 1.189476 -0.036358
v 0.290992 1.203639 -0.057562
v 0.327734 1.154242 -0.008033
v 0.326159 1.160697 -0.027570
v 0.325910 1.169156 -0.045956
v 0.363754 1.119825 -0.001519
v 0.363019 1.123620 -0.018605
v 0.364137 1.128546 -0.034809
v 0.290559 1.375547 -0.076420
v 0.282820 1.392130 -0.070244
v 0.276188 1.406856 -0.061927
v 0.305655 1.371963 -0.066515
v 0.296421 1.387978 -0.061660
v 0.288440 1.402136 -0.054919
v 0.319207 1.368530 -0.055135
v 0.308608 1.383915 -0.051738
v 0.299416 1.397248 -0.046935
v 0.332167 1.304936 -0.082344
v 0.318237 1.325012 -0.082745
v 0.307695 1.342234 -0.082340
v 0.350642 1.305386 -0.071593
v 0.336536 1.323995 -0.071571
v 0.325302 1.340118 -0.071118
v 0.366901 1.305577 -0.059060
v 0.352770 1.322872 -0.058758
v 0.341030 1.338015 -0.058340
v 0.266416 1.430221 0.021675
v 0.267088 1.429098 0.036790
v 0.268778 1.425471 0.050741
v 0.277525 1.424150 0.022924
v 0.278249 1.423130 0.037300
v 0.280006 1.419815 0.050289
v 0.289109 1.416172 0.024349
v 0.289662 1.415383 0.037960
v 0.290931 1.412748 0.049732
v 0.222683 1.444700 0.020199
v 0.222827 1.443585 0.037725
v 0.223712 1.439686 0.054092
v 0.233779 1.441889 0.020189
v 0.234018 1.440755 0.037077
v 0.235009 1.436890 0.052863
v 0.244703 1.438709 0.020316
v 0.245063 1.437561 0.036644
v 0.246216 1.433743 0.051891
v 0.256124 1.299944 -0.102722
v 0.246887 1.326247 -0.106877
v 0.241577 1.347919 -0.107636
v 0.274975 1.301734 -0.100024
v 0.263659 1.326185 -0.102980
v 0.256669 1.346689 -0.103454
v 0.293811 1.303149 -0.096402
v 0.281125 1.326101 -0.098270
v 0.272678 1.345509 -0.098353
v 0.234588 1.386434 -0.099296
v 0.231325 1.404400 -0.090576
v 0.228424 1.419978 -0.079284
v 0.247436 1.384059 -0.095430
v 0.243394 1.401803 -0.086923
v 0.239920 1.417296 -0.075902
v 0.260907 1.381639 -0.090721
v 0.255859 1.399076 -0.082693
v 0.251593 1.414397 -0.072249
v 0.376121 1.248897 -0.081696
v 0.393085 1.253689 -0.072582
v 0.407766 1.257790 -0.061136
v 0.405748 1.213218 -0.081466
v 0.421138 1.220505 -0.073366
v 0.434350 1.226870 -0.062596
v 0.437810 1.175129 -0.080468
v 0.451394 1.184569 -0.073388
v 0.462975 1.192896 -0.063352
v 0.246836 1.330266 0.107196
v 0.252419 1.303453 0.107563
v 0.261756 1.272993 0.105197
v 0.261068 1.333254 0.104613
v 0.268354 1.309468 0.105351
v 0.279922 1.282694 0.103951
v 0.276093 1.336035 0.102098
v 0.284846 1.315032 0.103238
v 0.297930 1.291184 0.102470
v 0.229062 1.417841 0.081128
v 0.233355 1.399658 0.091197
v 0.238045 1.378215 0.098913
v 0.240646 1.415435 0.079024
v 0.245215 1.397799 0.088819
v 0.250379 1.377339 0.096362
v 0.252400 1.412731 0.077070
v 0.257434 1.395679 0.086481
v 0.263263 1.376237 0.093771
v 0.345397 1.228761 0.095735
v 0.327180 1.217522 0.096089
v 0.309821 1.205248 0.093801
v 0.378931 1.190703 0.090204
v 0.361967 1.179798 0.090330
v 0.346765 1.169201 0.087263
v 0.415814 1.151421 0.083914
v 0.400689 1.141623 0.084667
v 0.386989 1.132531 0.082179
v 0.433558 1.261111 0.023406
v 0.432651 1.260533 0.037572
v 0.429455 1.259578 0.050881
v 0.458555 1.232771 0.018245
v 0.458004 1.231675 0.031823
v 0.455397 1.229920 0.044677
v 0.485222 1.201139 0.013004
v 0.485004 1.199548 0.025864
v 0.482988 1.197033 0.038134
v 0.303602 1.228255 -0.084348
v 0.320937 1.233994 -0.088601
v 0.339343 1.238967 -0.089789
v 0.340061 1.185311 -0.073465
v 0.354825 1.191926 -0.081375
v 0.371596 1.198626 -0.085671
v 0.378117 1.140787 -0.063045
v 0.391303 1.148097 -0.073791
v 0.406808 1.156428 -0.080974
v 0.412159 1.255337 0.073283
v 0.398014 1.251422 0.081848
v 0.381489 1.245877 0.088507
v 0.440367 1.222827 0.066804
v 0.427775 1.217059 0.075540
v 0.412787 1.209769 0.082480
v 0.470366 1.187326 0.059720
v 0.459494 1.179933 0.068494
v 0.446295 1.171214 0.075595
v 0.206537 1.178439 0.149795
v 0.213537 1.133235 0.154745
v 0.221021 1.086401 0.159486
v 0.221781 1.179979 0.135522
v 0.229287 1.135400 0.139604
v 0.237631 1.089039 0.143815
v 0.236856 1.181119 0.119155
v 0.243485 1.137584 0.122258
v 0.251971 1.091993 0.125869
v 0.270332 1.167589 0.028974
v 0.267481 1.167741 0.053862
v 0.261216 1.172682 0.077843
v 0.271027 1.140076 0.029921
v 0.268696 1.138226 0.055530
v 0.263546 1.138428 0.079957
v 0.277342 1.101596 0.031577
v 0.275420 1.098715 0.057717
v 0.270943 1.096689 0.082573
v 0.248741 0.939188 -0.139317
v 0.242714 0.982693 -0.134755
v 0.236009 1.028699 -0.131441
v 0.266068 0.938835 -0.127232
v 0.259713 0.983848 -0.123743
v 0.252480 1.031144 -0.121252
v 0.281205 0.937694 -0.112198
v 0.274610 0.983930 -0.109746
v 0.266983 1.032272 -0.108100
v 0.090845 1.175862 0.208353
v 0.062176 1.175418 0.215339
v 0.031571 1.175024 0.220250
v 0.090283 1.131392 0.215267
v 0.061549 1.130944 0.222413
v 0.031183 1.130492 0.227442
v 0.089856 1.085506 0.221240
v 0.061011 1.085058 0.228498
v 0.030838 1.084551 0.233613
v 0.033556 1.219157 -0.186417
v 0.065856 1.218155 -0.184339
v 0.095643 1.217184 -0.180892
v 0.034475 1.169391 -0.179418
v 0.067687 1.167936 -0.177376
v 0.098374 1.166489 -0.174106
v 0.035344 1.118612 -0.171359
v 0.069433 1.116637 -0.169403
v 0.101016 1.114611 -0.166391
v 0.031953 0.665986 -0.224530
v 0.063343 0.667142 -0.224402
v 0.093245 0.665976 -0.222052
v 0.025761 0.639470 -0.210868
v 0.050660 0.641774 -0.211336
v 0.073626 0.642309 -0.209733
v 0.019839 0.615393 -0.191932
v 0.038858 0.618716 -0.192927
v 0.056212 0.620857 -0.192128
v 0.009243 0.546623 0.008478
v 0.018229 0.547431 0.006011
v 0.026701 0.547261 0.002823
v 0.009753 0.542093 0.042374
v 0.019189 0.542665 0.039314
v 0.027990 0.542236 0.035124
v 0.011539 0.541271 0.074474
v 0.022613 0.541584 0.070575
v 0.032755 0.540834 0.065138
v 0.045607 0.774272 -0.236628
v 0.089448 0.773568 -0.233502
v 0.129744 0.771602 -0.228361
v 0.044159 0.747668 -0.238974
v 0.086892 0.747265 -0.236525
v 0.126703 0.745518 -0.232019
v 0.041519 0.720770 -0.238076
v 0.082221 0.720579 -0.236442
v 0.121216 0.718681 -0.232704
v 0.021236 0.557256 0.133380
v 0.041368 0.556165 0.126977
v 0.059257 0.553517 0.118169
v 0.028364 0.573634 0.159692
v 0.055547 0.571605 0.151792
v 0.080105 0.567635 0.140972
v 0.035167 0.592866 0.183227
v 0.069606 0.590306 0.173958
v 0.102110 0.585562 0.161176
v 0.270983 0.734075 -0.161368
v 0.287500 0.730052 -0.145159
v 0.301702 0.727078 -0.126925
v 0.271087 0.708786 -0.160611
v 0.287561 0.704486 -0.143988
v 0.301628 0.701257 -0.125638
v 0.270691 0.684965 -0.157993
v 0.287156 0.680329 -0.141173
v 0.301149 0.676693 -0.122886
v 0.258695 0.704511 0.153444
v 0.263151 0.678146 0.144953
v 0.267300 0.652923 0.136033
v 0.276329 0.706921 0.138648
v 0.279793 0.681225 0.131263
v 0.283001 0.656570 0.123422
v 0.291513 0.709072 0.121462
v 0.294128 0.683917 0.115201
v 0.296541 0.659738 0.108476
v 0.318496 0.716152 0.025896
v 0.315931 0.714526 0.052972
v 0.311235 0.712828 0.078431
v 0.319194 0.691142 0.023513
v 0.316936 0.689736 0.049717
v 0.312634 0.688127 0.074252
v 0.319728 0.667029 0.021242
v 0.317794 0.665845 0.046345
v 0.313890 0.664336 0.069772
v 0.173210 0.691029 0.198711
v 0.181259 0.662277 0.186706
v 0.188722 0.634502 0.172978
v 0.197621 0.695112 0.188164
v 0.205302 0.666691 0.176898
v 0.212615 0.639664 0.164775
v 0.219390 0.698676 0.177609
v 0.226134 0.670872 0.167181
v 0.232539 0.644492 0.156259
v 0.193051 0.761761 -0.212275
v 0.216068 0.754343 -0.201600
v 0.235569 0.746572 -0.189449
v 0.190868 0.736311 -0.215496
v 0.214782 0.729246 -0.203747
v 0.235029 0.721596 -0.190437
v 0.187815 0.710398 -0.215693
v 0.213009 0.704521 -0.203044
v 0.234048 0.697596 -0.188909
v 0.170967 0.936453 -0.168395
v 0.165994 0.974768 -0.160536
v 0.161250 1.017009 -0.155263
v 0.192931 0.936764 -0.163144
v 0.187645 0.976063 -0.155927
v 0.182399 1.018947 -0.150955
v 0.212279 0.937779 -0.156807
v 0.206782 0.978297 -0.150344
v 0.201090 1.021994 -0.145771
v 0.138817 1.176262 0.191848
v 0.139832 1.131377 0.198433
v 0.141085 1.085078 0.204187
v 0.158039 1.176294 0.182949
v 0.160505 1.131059 0.189333
v 0.163265 1.084404 0.194964
v 0.175164 1.176520 0.173213
v 0.179262 1.131024 0.179295
v 0.183708 1.084078 0.184741
v 0.154805 0.823083 0.223278
v 0.157318 0.786876 0.220722
v 0.160820 0.752965 0.215845
v 0.180126 0.824309 0.212807
v 0.182593 0.789093 0.210058
v 0.185939 0.756086 0.205072
v 0.203723 0.825157 0.201446
v 0.206055 0.790635 0.198640
v 0.209089 0.758350 0.193737
v 0.132173 1.327798 0.153896
v 0.135027 1.294423 0.164772
v 0.136756 1.258155 0.174977
v 0.149728 1.327848 0.147454
v 0.152359 1.294618 0.157500
v 0.154229 1.258453 0.166985
v 0.165101 1.327604 0.140914
v 0.167408 1.294667 0.149954
v 0.169402 1.258730 0.158505
v 0.144945 0.992020 0.214420
v 0.147481 0.946790 0.218762
v 0.150110 0.903203 0.221995
v 0.169320 0.991051 0.204906
v 0.172385 0.946007 0.209029
v 0.175284 0.902847 0.212017
v 0.192145 0.990451 0.194337
v 0.195732 0.945522 0.198241
v 0.198854 0.902647 0.201006
v 0.191166 0.813393 -0.200887
v 0.187078 0.840746 -0.193749
v 0.181851 0.869958 -0.185841
v 0.213417 0.807477 -0.192237
v 0.209248 0.836369 -0.185999
v 0.204010 0.867303 -0.178945
v 0.232302 0.801491 -0.182338
v 0.228236 0.832071 -0.177028
v 0.223200 0.864900 -0.170840
v 0.104804 1.471081 0.016762
v 0.104065 1.468579 0.043067
v 0.102935 1.463200 0.067861
v 0.119194 1.464023 0.017619
v 0.119185 1.462358 0.042691
v 0.119838 1.457767 0.066051
v 0.137346 1.460210 0.018136
v 0.137534 1.458942 0.042131
v 0.138661 1.454727 0.064321
v 0.152070 1.114286 -0.157956
v 0.147546 1.166620 -0.164298
v 0.143069 1.217467 -0.169975
v 0.171564 1.116534 -0.152628
v 0.166048 1.168596 -0.157903
v 0.160712 1.218962 -0.162683
v 0.188596 1.119818 -0.146434
v 0.182060 1.171377 -0.150568
v 0.175856 1.220976 -0.154389
v 0.107365 1.434653 0.106306
v 0.114110 1.412183 0.119734
v 0.121339 1.386669 0.131566
v 0.127005 1.432614 0.102573
v 0.133373 1.411574 0.115655
v 0.139992 1.386557 0.126849
v 0.145720 1.430816 0.099118
v 0.151253 1.410459 0.111625
v 0.156914 1.385817 0.122126
v 0.114415 1.410788 -0.126098
v 0.109042 1.431362 -0.117640
v 0.104603 1.450417 -0.109015
v 0.133859 1.408209 -0.124183
v 0.129070 1.427458 -0.115834
v 0.124830 1.443807 -0.106382
v 0.151822 1.405475 -0.121689
v 0.147941 1.424006 -0.113593
v 0.144362 1.439262 -0.103868
v 0.134264 1.303020 -0.167503
v 0.129787 1.336003 -0.158501
v 0.125064 1.364057 -0.147135
v 0.151312 1.303168 -0.160526
v 0.147163 1.335403 -0.152781
v 0.143033 1.362736 -0.142932
v 0.166004 1.303344 -0.152644
v 0.162347 1.334681 -0.146301
v 0.159018 1.361204 -0.138104
v 0.099073 0.485277 0.075833
v 0.269962 0.533411 -0.114736
v 0.059914 0.497253 -0.051463
v 0.062657 0.504418 -0.073844
v 0.069393 0.511821 -0.094463
v 0.061741 0.474224 -0.048196
v 0.064372 0.479405 -0.069097
v 0.071052 0.484741 -0.088345
v 0.063563 0.449101 -0.045356
v 0.066070 0.452388 -0.065194
v 0.072667 0.455802 -0.083467
v 0.204316 0.538807 -0.144246
v 0.222551 0.539616 -0.140531
v 0.238678 0.539079 -0.134138
v 0.205167 0.504266 -0.136059
v 0.103068 0.524858 -0.126035
v 0.128902 0.529864 -0.136004
v 0.156519 0.533850 -0.142245
v 0.104635 0.494027 -0.118109
v 0.130378 0.497556 -0.127715
v 0.157854 0.500402 -0.133849
v 0.105975 0.461891 -0.111980
v 0.082359 0.610886 -0.177726
v 0.106541 0.626600 -0.192488
v 0.134120 0.641984 -0.201755
v 0.090751 0.596707 -0.164428
v 0.115926 0.608912 -0.177462
v 0.143628 0.619633 -0.185185
v 0.096680 0.577198 -0.149939
v 0.122300 0.586449 -0.161555
v 0.149980 0.594032 -0.168408
v 0.240273 0.596370 0.136350
v 0.222361 0.591371 0.142219
v 0.200695 0.585218 0.145388
v 0.241150 0.574082 0.128409
v 0.224174 0.569707 0.133287
v 0.204118 0.564331 0.134823
v 0.240792 0.552115 0.122048
v 0.224408 0.548557 0.126365
v 0.205281 0.544171 0.127092
v 0.190054 0.657050 -0.199026
v 0.213709 0.654958 -0.188716
v 0.234047 0.650453 -0.176024
v 0.195141 0.630024 -0.183920
v 0.216423 0.629191 -0.176152
v 0.235345 0.625964 -0.165495
v 0.199447 0.601860 -0.168588
v 0.219170 0.601870 -0.162823
v 0.236846 0.599753 -0.154106
v 0.042944 0.556927 -0.067006
v 0.045611 0.568467 -0.099913
v 0.051854 0.581472 -0.130665
v 0.048950 0.547593 -0.063724
v 0.051768 0.558804 -0.093814
v 0.058369 0.571072 -0.121824
v 0.053805 0.534383 -0.059555
v 0.056665 0.544721 -0.086674
v 0.063409 0.555752 -0.111807
v 0.299651 0.612101 0.094386
v 0.286780 0.608779 0.107833
v 0.272008 0.604949 0.119098
v 0.300107 0.587986 0.087638
v 0.287091 0.585023 0.100791
v 0.272273 0.581616 0.111875
v 0.320996 0.618558 0.016555
v 0.319482 0.617786 0.038856
v 0.316015 0.616585 0.059713
v 0.321596 0.593515 0.014255
v 0.320139 0.592921 0.035001
v 0.316680 0.591924 0.054530
v 0.321759 0.568001 0.012299
v 0.320306 0.567559 0.031553
v 0.316798 0.566773 0.049840
v 0.270209 0.639065 -0.146798
v 0.286584 0.633559 -0.130684
v 0.300582 0.628694 -0.113308
v 0.270371 0.615531 -0.138871
v 0.286608 0.609666 -0.123626
v 0.300629 0.604211 -0.107067
v 0.270531 0.590556 -0.130388
v 0.286552 0.584626 -0.116155
v 0.300537 0.578885 -0.100528
v 0.143251 0.563837 0.133597
v 0.111919 0.551095 0.118193
v 0.083617 0.540853 0.099262
v 0.150042 0.548127 0.122629
v 0.118822 0.538552 0.108702
v 0.090002 0.530411 0.091058
v 0.153112 0.531472 0.114485
v 0.122500 0.524042 0.101151
v 0.093989 0.517542 0.084230
v 0.048513 0.532188 0.053031
v 0.042494 0.534067 0.026247
v 0.041118 0.539264 -0.002817
v 0.054012 0.523461 0.047540
v 0.048016 0.525398 0.022479
v 0.046820 0.530391 -0.004562
v 0.058342 0.512011 0.042870
v 0.052541 0.513869 0.019423
v 0.051518 0.518450 -0.005614
v 0.064877 0.481748 0.037117
v 0.059189 0.483018 0.016065
v 0.058043 0.486148 -0.005852
v 0.067736 0.463162 0.035970
v 0.061858 0.463996 0.015673
v 0.060393 0.466213 -0.005243
v 0.062788 0.444062 -0.004351
v 0.011945 0.579917 -0.136566
v 0.023493 0.583583 -0.138197
v 0.034246 0.586647 -0.138812
v 0.010299 0.568667 -0.101664
v 0.020302 0.571622 -0.103424
v 0.029712 0.573932 -0.104603
v 0.009599 0.560153 -0.064544
v 0.018944 0.562196 -0.066425
v 0.027781 0.563456 -0.068168
v 0.103292 1.473370 -0.080821
v 0.104709 1.475366 -0.059676
v 0.105246 1.474475 -0.035677
v 0.120397 1.462580 -0.077031
v 0.119959 1.465151 -0.056323
v 0.119701 1.465293 -0.032961
v 0.139647 1.456873 -0.074144
v 0.138585 1.459754 -0.053726
v 0.137990 1.460431 -0.030855
v 0.426529 1.262236 -0.034512
v 0.430641 1.262573 -0.020338
v 0.432536 1.262212 -0.005843
v 0.451314 1.234089 -0.037080
v 0.455183 1.234839 -0.023525
v 0.457115 1.234468 -0.009682
v 0.477945 1.202563 -0.039162
v 0.481513 1.203711 -0.026364
v 0.483438 1.203363 -0.013319
v 0.224595 1.439225 -0.050435
v 0.223692 1.442912 -0.033699
v 0.223199 1.444254 -0.016035
v 0.235523 1.436518 -0.047895
v 0.234568 1.440194 -0.031733
v 0.234117 1.441514 -0.014707
v 0.246338 1.433473 -0.045464
v 0.245278 1.437111 -0.029890
v 0.244851 1.438402 -0.013441
v 0.268131 1.425283 -0.038992
v 0.266657 1.428779 -0.024900
v 0.266200 1.430004 -0.009732
v 0.279063 1.419613 -0.034808
v 0.277565 1.422837 -0.021694
v 0.277165 1.423954 -0.007263
v 0.289821 1.412559 -0.030605
v 0.288816 1.415129 -0.018552
v 0.288652 1.416006 -0.004813
v 0.361208 1.334910 -0.029975
v 0.365346 1.334082 -0.015006
v 0.366982 1.333627 0.000272
v 0.373536 1.320964 -0.030241
v 0.377814 1.320335 -0.015197
v 0.379522 1.319926 0.000155
v 0.387655 1.305268 -0.030871
v 0.391979 1.304896 -0.015943
v 0.393753 1.304525 -0.000691
v 0.311678 1.392503 -0.027337
v 0.313396 1.392571 -0.015054
v 0.314136 1.392604 -0.001417
v 0.323802 1.378905 -0.028198
v 0.326685 1.378122 -0.014817
v 0.327869 1.377773 -0.000643
v 0.336596 1.363844 -0.029082
v 0.340149 1.362790 -0.014894
v 0.341582 1.362291 -0.000223
v 0.174871 1.450549 -0.067068
v 0.173936 1.453885 -0.047539
v 0.173317 1.455025 -0.026064
v 0.189119 1.447564 -0.062419
v 0.188231 1.451055 -0.043582
v 0.187631 1.452311 -0.023116
v 0.201766 1.444647 -0.057732
v 0.200891 1.448247 -0.039648
v 0.200317 1.449566 -0.020237
v 0.127058 1.601728 -0.120166
v 0.132921 1.585101 -0.089892
v 0.135074 1.569556 -0.057996
v 0.105591 1.563340 -0.105758
v 0.111323 1.552775 -0.080427
v 0.113475 1.541791 -0.051686
v 0.093719 1.525255 -0.094460
v 0.098917 1.520363 -0.071659
v 0.100847 1.513844 -0.045219
v 0.317655 0.622212 -0.073957
v 0.320804 0.620612 -0.052179
v 0.321726 0.619694 -0.029539
v 0.317900 0.596865 -0.069873
v 0.321144 0.595186 -0.049539
v 0.322156 0.594340 -0.028496
v 0.317910 0.571073 -0.065592
v 0.321199 0.569369 -0.046690
v 0.322250 0.568589 -0.027209
v 0.318489 0.722772 -0.082731
v 0.321016 0.720984 -0.057046
v 0.321113 0.719329 -0.029887
v 0.318331 0.696810 -0.082040
v 0.320991 0.695167 -0.056985
v 0.321299 0.693751 -0.030590
v 0.317883 0.671828 -0.080262
v 0.320719 0.670275 -0.056065
v 0.321268 0.669074 -0.030679
v 0.256729 1.204534 -0.070878
v 0.264244 1.189893 -0.046717
v 0.268642 1.178925 -0.021709
v 0.259494 1.169659 -0.071419
v 0.265720 1.160159 -0.047761
v 0.269456 1.151367 -0.022409
v 0.267527 1.125946 -0.071090
v 0.272887 1.119351 -0.047544
v 0.275999 1.112253 -0.021897
v 0.295757 1.179919 0.071199
v 0.297968 1.172580 0.051480
v 0.299458 1.170995 0.030064
v 0.330821 1.152917 0.067243
v 0.329640 1.148803 0.050697
v 0.329536 1.148005 0.031891
v 0.370025 1.119833 0.064784
v 0.366977 1.116983 0.050439
v 0.365719 1.116240 0.033792
v 0.286086 1.028703 -0.070310
v 0.290498 1.024347 -0.046045
v 0.292569 1.019358 -0.019567
v 0.293656 0.979960 -0.070516
v 0.297646 0.976221 -0.045706
v 0.299213 0.972037 -0.018760
v 0.300092 0.932974 -0.071342
v 0.303688 0.929676 -0.045983
v 0.304785 0.926154 -0.018599
v 0.310086 0.849126 -0.075296
v 0.313016 0.846454 -0.049133
v 0.313364 0.843835 -0.021148
v 0.313716 0.813051 -0.078004
v 0.316403 0.810638 -0.051678
v 0.316510 0.808304 -0.023604
v 0.316357 0.780305 -0.080496
v 0.318886 0.778124 -0.054187
v 0.318863 0.776020 -0.026204
v 0.537672 1.132406 0.005142
v 0.537818 1.130370 0.016332
v 0.536645 1.127122 0.027138
v 0.530769 1.132859 -0.039623
v 0.533803 1.134696 -0.028680
v 0.535639 1.134723 -0.017511
v 0.201713 1.607532 -0.065570
v 0.200226 1.575226 0.009222
v 0.242735 1.583964 0.011053
v 0.197823 1.562907 0.051673
v 0.241385 1.571805 0.055797
v 0.194516 1.551716 0.100848
v 0.240218 1.560928 0.107762
v 0.198901 1.529534 0.239343
v 0.244323 1.538805 0.244373
v 0.289635 1.548623 0.247558
v 0.207699 1.520161 0.322790
v 0.250206 1.529386 0.323944
v 0.292916 1.539401 0.323860
v -0.037380 1.493767 0.240190
v -0.041312 1.485439 0.320106
v -0.075064 1.499879 0.240042
v -0.082607 1.491898 0.320850
v -0.113583 1.509050 0.237656
v -0.123927 1.500942 0.321090
v -0.085982 1.506893 0.125783
v -0.073157 1.493206 0.106294
v -0.065738 1.475360 0.101165
v -0.058175 1.498973 0.132348
v -0.050533 1.486645 0.111843
v -0.045523 1.469474 0.106275
v -0.029266 1.493822 0.133763
v -0.025738 1.482067 0.113145
v -0.023247 1.465217 0.107693
v -0.021640 1.469141 -0.116858
v -0.022588 1.442606 -0.120366
v -0.024266 1.418697 -0.128480
v -0.042942 1.467217 -0.116565
v -0.044928 1.441045 -0.120412
v -0.048177 1.417398 -0.128464
v -0.063691 1.463703 -0.114947
v -0.066817 1.438556 -0.119979
v -0.071387 1.415503 -0.128171
v -0.133686 1.544508 0.009165
v -0.112390 1.522932 0.010859
v -0.100091 1.501351 0.013137
v -0.130190 1.534633 0.044182
v -0.109278 1.515322 0.042116
v -0.097592 1.495829 0.042113
v -0.123135 1.525533 0.079197
v -0.102852 1.508005 0.070895
v -0.092173 1.489450 0.068539
v -0.026784 1.581687 -0.142365
v -0.023673 1.539413 -0.126810
v -0.052521 1.580419 -0.141095
v -0.046350 1.537512 -0.125799
v -0.090124 1.621752 -0.159176
v -0.075857 1.577484 -0.136202
v -0.066911 1.533728 -0.121577
v -0.097692 0.818287 0.243289
v -0.099711 0.779231 0.241663
v -0.102597 0.743073 0.237783
v -0.066151 0.815208 0.252014
v -0.067606 0.774627 0.250998
v -0.069699 0.737361 0.247844
v -0.033382 0.812740 0.258222
v -0.034142 0.770995 0.257697
v -0.035239 0.732907 0.255141
v -0.066389 1.432619 0.115510
v -0.071546 1.409163 0.127716
v -0.077613 1.384048 0.140531
v -0.045001 1.428430 0.119151
v -0.048457 1.406020 0.130922
v -0.052778 1.381800 0.144190
v -0.022749 1.425079 0.120909
v -0.024465 1.403414 0.132900
v -0.026701 1.379909 0.146688
v -0.192461 1.302896 -0.135231
v -0.205992 1.301863 -0.125750
v -0.220775 1.300114 -0.115716
v -0.189424 1.332165 -0.132087
v -0.202675 1.330323 -0.124732
v -0.216416 1.328344 -0.117524
v -0.187280 1.356939 -0.127361
v -0.200530 1.354322 -0.121853
v -0.213742 1.351738 -0.116554
v -0.041757 0.631767 0.220059
v -0.041064 0.651276 0.233177
v -0.039096 0.673328 0.243159
v -0.082901 0.631232 0.209962
v -0.081080 0.652900 0.223647
v -0.077082 0.676795 0.234385
v -0.122617 0.630315 0.196337
v -0.118867 0.655165 0.210901
v -0.112834 0.681445 0.222577
v -0.183110 1.399146 -0.114963
v -0.196757 1.395635 -0.110966
v -0.209610 1.392202 -0.106876
v -0.180669 1.417320 -0.106999
v -0.194517 1.413787 -0.102765
v -0.207273 1.410349 -0.098386
v -0.178311 1.432486 -0.096852
v -0.192336 1.429099 -0.092190
v -0.205026 1.425816 -0.087389
v -0.042849 0.883055 -0.204832
v -0.044366 0.854434 -0.215137
v -0.045512 0.827226 -0.224207
v -0.084049 0.880334 -0.201796
v -0.086964 0.852207 -0.211742
v -0.089171 0.825555 -0.220605
v -0.121952 0.876752 -0.197323
v -0.126024 0.848943 -0.206722
v -0.129127 0.822709 -0.215208
v -0.037273 1.024832 -0.167176
v -0.038436 0.984216 -0.173273
v -0.039752 0.947359 -0.182747
v -0.073269 1.021967 -0.165240
v -0.075540 0.981100 -0.171195
v -0.078090 0.944166 -0.180432
v -0.106709 1.018856 -0.162409
v -0.109979 0.977614 -0.168164
v -0.113599 0.940459 -0.177037
v -0.178544 1.427108 0.092490
v -0.192510 1.424877 0.089272
v -0.205323 1.422519 0.086243
v -0.182683 1.407284 0.103842
v -0.196454 1.405372 0.100199
v -0.209296 1.403395 0.096828
v -0.186891 1.383262 0.113035
v -0.200478 1.381783 0.108856
v -0.213397 1.380364 0.105055
v -0.090831 0.992860 0.231987
v -0.092324 0.947317 0.236740
v -0.094136 0.902798 0.240510
v -0.061373 0.992491 0.239462
v -0.062363 0.946877 0.244383
v -0.063621 0.901983 0.248398
v -0.030932 0.992013 0.244730
v -0.031425 0.946367 0.249766
v -0.032070 0.901217 0.253959
v -0.087165 1.326496 0.166372
v -0.089629 1.293381 0.178705
v -0.090860 1.257256 0.190077
v -0.059789 1.325469 0.171660
v -0.061592 1.292669 0.184616
v -0.062455 1.256716 0.196470
v -0.030398 1.324607 0.175372
v -0.031348 1.292088 0.188770
v -0.031792 1.256290 0.200960
v -0.220044 1.127488 -0.130924
v -0.234952 1.130512 -0.120709
v -0.248367 1.131834 -0.107821
v -0.211462 1.177681 -0.133107
v -0.225701 1.179918 -0.122227
v -0.239049 1.180253 -0.108870
v -0.203529 1.225188 -0.135320
v -0.217505 1.226277 -0.123941
v -0.231809 1.225266 -0.110227
v -0.028081 1.368771 -0.155334
v -0.029756 1.339146 -0.170304
v -0.031234 1.304928 -0.182331
v -0.055385 1.367876 -0.154504
v -0.058548 1.338438 -0.169002
v -0.061354 1.304307 -0.180618
v -0.081133 1.366657 -0.152947
v -0.085411 1.337537 -0.166676
v -0.089248 1.303611 -0.177635
v -0.277261 1.405679 0.073059
v -0.289666 1.401289 0.070320
v -0.300716 1.396707 0.066381
v -0.284105 1.389889 0.081065
v -0.297697 1.386338 0.077224
v -0.309878 1.382826 0.071891
v -0.292047 1.372336 0.087208
v -0.306949 1.369657 0.082439
v -0.320386 1.366986 0.076042
v -0.310986 0.838779 0.036676
v -0.313711 0.803738 0.034313
v -0.315858 0.771879 0.031449
v -0.308391 0.836384 0.064880
v -0.310945 0.801529 0.062546
v -0.313019 0.769853 0.059528
v -0.303473 0.834121 0.091635
v -0.305883 0.799445 0.089303
v -0.307917 0.767925 0.086099
v -0.292967 1.010756 0.035687
v -0.298904 0.964511 0.037339
v -0.303719 0.919622 0.038250
v -0.291221 1.007613 0.062696
v -0.297017 0.961493 0.064745
v -0.301608 0.916803 0.066006
v -0.286988 1.004777 0.088375
v -0.292685 0.958680 0.090792
v -0.297101 0.914138 0.092371
v -0.309531 1.338363 0.094656
v -0.326695 1.337738 0.088795
v -0.342130 1.336534 0.081128
v -0.320362 1.321444 0.095985
v -0.338184 1.322094 0.089908
v -0.354077 1.321756 0.081934
v -0.334874 1.301768 0.095500
v -0.352882 1.303878 0.089285
v -0.368760 1.304631 0.081109
v -0.172466 1.455458 0.019020
v -0.186783 1.452843 0.019504
v -0.199533 1.450111 0.019914
v -0.172472 1.454374 0.040792
v -0.186768 1.451776 0.040048
v -0.199543 1.449038 0.039275
v -0.173259 1.450341 0.060852
v -0.187499 1.447787 0.059021
v -0.200294 1.445084 0.057228
v -0.267478 0.791582 -0.157873
v -0.284346 0.788019 -0.142671
v -0.299002 0.785109 -0.124949
v -0.263876 0.824428 -0.154126
v -0.281012 0.821197 -0.139467
v -0.295930 0.818273 -0.122131
v -0.259377 0.859999 -0.149527
v -0.276733 0.857338 -0.135528
v -0.291857 0.854601 -0.118736
v -0.233809 0.992528 0.168131
v -0.252030 0.995282 0.151844
v -0.267467 0.998557 0.133204
v -0.238368 0.947367 0.171608
v -0.257006 0.949805 0.155104
v -0.272783 0.952758 0.136225
v -0.241933 0.904321 0.174009
v -0.260811 0.906347 0.157344
v -0.276820 0.908833 0.138289
v -0.192831 1.326648 0.127578
v -0.206257 1.326356 0.121135
v -0.219637 1.326624 0.115319
v -0.194765 1.294609 0.133741
v -0.208418 1.294872 0.125371
v -0.222468 1.295860 0.117488
v -0.197160 1.259491 0.139375
v -0.211370 1.260104 0.128685
v -0.226643 1.261162 0.117730
v -0.246989 0.827077 0.174051
v -0.266123 0.828470 0.157260
v -0.282458 0.830130 0.138064
v -0.249119 0.793088 0.171371
v -0.268256 0.794410 0.154694
v -0.284650 0.795880 0.135610
v -0.251532 0.761633 0.166975
v -0.270475 0.763089 0.150625
v -0.286747 0.764564 0.131871
v -0.314605 1.392646 0.027228
v -0.328272 1.377732 0.028477
v -0.341906 1.362182 0.029537
v -0.314263 1.392601 0.040513
v -0.327447 1.377990 0.042219
v -0.340773 1.362519 0.043732
v -0.312813 1.392419 0.051842
v -0.324836 1.378583 0.054413
v -0.337472 1.363307 0.056611
v -0.367206 1.333477 0.031056
v -0.379779 1.319749 0.031085
v -0.394139 1.304225 0.030065
v -0.365791 1.333744 0.045850
v -0.378328 1.319970 0.045979
v -0.392749 1.304328 0.044900
v -0.361872 1.334316 0.059491
v -0.374309 1.320396 0.059770
v -0.388800 1.304499 0.058687
v -0.297731 1.179701 -0.014533
v -0.327744 1.154215 -0.008420
v -0.363761 1.119762 -0.002211
v -0.294638 1.189490 -0.036524
v -0.326224 1.160714 -0.027924
v -0.363138 1.123637 -0.019348
v -0.291036 1.203663 -0.057674
v -0.326014 1.169208 -0.046257
v -0.364392 1.128659 -0.035613
v -0.290565 1.375553 -0.076416
v -0.305657 1.371965 -0.066513
v -0.319206 1.368529 -0.055137
v -0.282834 1.392144 -0.070230
v -0.296431 1.387987 -0.061649
v -0.308613 1.383919 -0.051730
v -0.276206 1.406873 -0.061906
v -0.288453 1.402149 -0.054901
v -0.299425 1.397257 -0.046920
v -0.332163 1.304931 -0.082348
v -0.350637 1.305382 -0.071598
v -0.366896 1.305572 -0.059066
v -0.318230 1.325005 -0.082749
v -0.336529 1.323988 -0.071577
v -0.352762 1.322865 -0.058768
v -0.307690 1.342229 -0.082343
v -0.325295 1.340111 -0.071124
v -0.341022 1.338008 -0.058349
v -0.266413 1.430218 0.021695
v -0.277521 1.424145 0.022945
v -0.289106 1.416168 0.024368
v -0.267083 1.429093 0.036806
v -0.278244 1.423124 0.037317
v -0.289656 1.415377 0.037976
v -0.268772 1.425465 0.050754
v -0.279999 1.419808 0.050304
v -0.290924 1.412742 0.049747
v -0.222681 1.444697 0.020211
v -0.233776 1.441887 0.020204
v -0.244700 1.438705 0.020333
v -0.222823 1.443582 0.037733
v -0.234014 1.440751 0.037086
v -0.245058 1.437556 0.036656
v -0.223709 1.439684 0.054096
v -0.235005 1.436886 0.052869
v -0.246211 1.433738 0.051899
v -0.256112 1.299931 -0.102717
v -0.274966 1.301724 -0.100024
v -0.293804 1.303141 -0.096403
v -0.246876 1.326236 -0.106874
v -0.263649 1.326176 -0.102979
v -0.281117 1.326093 -0.098271
v -0.241572 1.347914 -0.107636
v -0.256664 1.346684 -0.103454
v -0.272674 1.345506 -0.098354
v -0.234602 1.386450 -0.099294
v -0.247450 1.384073 -0.095426
v -0.260918 1.381651 -0.090716
v -0.231350 1.404425 -0.090568
v -0.243418 1.401826 -0.086913
v -0.255880 1.399096 -0.082681
v -0.228454 1.420008 -0.079268
v -0.239948 1.417325 -0.075883
v -0.251618 1.414423 -0.072229
v -0.376143 1.248914 -0.081697
v -0.405758 1.213227 -0.081465
v -0.437773 1.175101 -0.080469
v -0.393099 1.253700 -0.072578
v -0.421141 1.220508 -0.073364
v -0.451394 1.184569 -0.073388
v -0.407773 1.257797 -0.061131
v -0.434351 1.226871 -0.062595
v -0.462975 1.192896 -0.063352
v -0.246837 1.330267 0.107196
v -0.261069 1.333255 0.104613
v -0.276094 1.336036 0.102098
v -0.252424 1.303459 0.107566
v -0.268358 1.309471 0.105352
v -0.284850 1.315036 0.103238
v -0.261762 1.273000 0.105202
v -0.279927 1.282699 0.103952
v -0.297932 1.291188 0.102469
v -0.229061 1.417842 0.081128
v -0.240645 1.415433 0.079025
v -0.252397 1.412728 0.077074
v -0.233354 1.399658 0.091197
v -0.245214 1.397798 0.088820
v -0.257431 1.395675 0.086483
v -0.238044 1.378214 0.098913
v -0.250377 1.377337 0.096362
v -0.263261 1.376235 0.093772
v -0.345375 1.228741 0.095727
v -0.378959 1.190721 0.090219
v -0.415612 1.151256 0.083829
v -0.327154 1.217498 0.096073
v -0.362113 1.179921 0.090435
v -0.400224 1.141233 0.084345
v -0.309778 1.205209 0.093762
v -0.346931 1.169347 0.087430
v -0.386414 1.132033 0.081618
v -0.433557 1.261112 0.023400
v -0.458555 1.232772 0.018241
v -0.485222 1.201139 0.013003
v -0.432649 1.260534 0.037568
v -0.458005 1.231678 0.031819
v -0.485003 1.199549 0.025862
v -0.429451 1.259580 0.050879
v -0.455398 1.229923 0.044673
v -0.482988 1.197034 0.038133
v -0.303646 1.228283 -0.084404
v -0.340194 1.185399 -0.073645
v -0.378567 1.141068 -0.063662
v -0.320978 1.234022 -0.088640
v -0.354941 1.192006 -0.081484
v -0.391605 1.148297 -0.074072
v -0.339381 1.238994 -0.089814
v -0.371673 1.198682 -0.085718
v -0.406774 1.156402 -0.080959
v -0.412152 1.255336 0.073282
v -0.440368 1.222830 0.066802
v -0.470366 1.187327 0.059719
v -0.398004 1.251418 0.081847
v -0.427773 1.217059 0.075540
v -0.459493 1.179934 0.068494
v -0.381475 1.245868 0.088506
v -0.412779 1.209760 0.082481
v -0.446292 1.171212 0.075595
v -0.206541 1.178442 0.149800
v -0.221780 1.179978 0.135521
v -0.236841 1.181106 0.119134
v -0.213537 1.133236 0.154746
v -0.229283 1.135397 0.139599
v -0.243474 1.137574 0.122239
v -0.221021 1.086401 0.159485
v -0.237629 1.089037 0.143812
v -0.251967 1.091989 0.125861
v -0.270297 1.167546 0.028804
v -0.271003 1.140046 0.029790
v -0.277333 1.101585 0.031520
v -0.267430 1.167688 0.053717
v -0.268663 1.138191 0.055422
v -0.275409 1.098702 0.057673
v -0.261162 1.172629 0.077733
v -0.263512 1.138395 0.079878
v -0.270932 1.096678 0.082545
v -0.248740 0.939187 -0.139314
v -0.266067 0.938834 -0.127230
v -0.281204 0.937693 -0.112195
v -0.242713 0.982691 -0.134751
v -0.259712 0.983847 -0.123739
v -0.274608 0.983929 -0.109742
v -0.236007 1.028697 -0.131436
v -0.252479 1.031142 -0.121247
v -0.266982 1.032271 -0.108096
v -0.090846 1.175862 0.208354
v -0.090283 1.131392 0.215268
v -0.089856 1.085506 0.221240
v -0.062176 1.175419 0.215340
v -0.061549 1.130944 0.222413
v -0.061011 1.085058 0.228498
v -0.031571 1.175025 0.220250
v -0.031183 1.130492 0.227442
v -0.030838 1.084551 0.233613
v -0.033556 1.219156 -0.186417
v -0.034475 1.169391 -0.179418
v -0.035343 1.118612 -0.171359
v -0.065855 1.218154 -0.184337
v -0.067686 1.167936 -0.177375
v -0.069433 1.116638 -0.169403
v -0.095641 1.217182 -0.180889
v -0.098373 1.166488 -0.174104
v -0.101016 1.114610 -0.166390
v -0.031953 0.665986 -0.224530
v -0.025761 0.639471 -0.210868
v -0.019839 0.615393 -0.191932
v -0.063343 0.667141 -0.224402
v -0.050660 0.641774 -0.211336
v -0.038858 0.618716 -0.192927
v -0.093245 0.665976 -0.222052
v -0.073626 0.642309 -0.209733
v -0.056212 0.620857 -0.192128
v -0.009243 0.546623 0.008478
v -0.009753 0.542093 0.042374
v -0.011539 0.541271 0.074474
v -0.018229 0.547431 0.006011
v -0.019189 0.542665 0.039314
v -0.022613 0.541584 0.070575
v -0.026701 0.547261 0.002823
v -0.027990 0.542236 0.035124
v -0.032755 0.540834 0.065138
v -0.045607 0.774272 -0.236628
v -0.044159 0.747668 -0.238974
v -0.041519 0.720770 -0.238076
v -0.089448 0.773568 -0.233502
v -0.086892 0.747265 -0.236525
v -0.082221 0.720579 -0.236442
v -0.129744 0.771602 -0.228361
v -0.126703 0.745518 -0.232019
v -0.121216 0.718681 -0.232704
v -0.021236 0.557256 0.133380
v -0.028364 0.573634 0.159692
v -0.035167 0.592866 0.183227
v -0.041367 0.556165 0.126977
v -0.055547 0.571605 0.151792
v -0.069606 0.590306 0.173958
v -0.059257 0.553517 0.118170
v -0.080105 0.567635 0.140972
v -0.102110 0.585562 0.161176
v -0.270983 0.734075 -0.161368
v -0.271087 0.708785 -0.160611
v -0.270691 0.684965 -0.157993
v -0.287500 0.730052 -0.145159
v -0.287561 0.704486 -0.143988
v -0.287156 0.680329 -0.141173
v -0.301703 0.727078 -0.126925
v -0.301628 0.701257 -0.125638
v -0.301149 0.676693 -0.122886
v -0.258695 0.704511 0.153444
v -0.276329 0.706921 0.138648
v -0.291513 0.709072 0.121462
v -0.263151 0.678146 0.144953
v -0.279793 0.681224 0.131263
v -0.294128 0.683917 0.115201
v -0.267300 0.652923 0.136033
v -0.283001 0.656570 0.123422
v -0.296541 0.659738 0.108476
v -0.318496 0.716152 0.025896
v -0.319194 0.691142 0.023513
v -0.319728 0.667029 0.021242
v -0.315931 0.714526 0.052972
v -0.316936 0.689736 0.049717
v -0.317794 0.665845 0.046345
v -0.311235 0.712828 0.078430
v -0.312634 0.688127 0.074252
v -0.313890 0.664336 0.069772
v -0.173210 0.691029 0.198711
v -0.197621 0.695112 0.188164
v -0.219390 0.698676 0.177609
v -0.181260 0.662277 0.186706
v -0.205302 0.666691 0.176898
v -0.226134 0.670872 0.167181
v -0.188722 0.634502 0.172978
v -0.212615 0.639664 0.164775
v -0.232539 0.644492 0.156259
v -0.193051 0.761761 -0.212275
v -0.190868 0.736312 -0.215496
v -0.187815 0.710398 -0.215693
v -0.216068 0.754343 -0.201600
v -0.214782 0.729246 -0.203747
v -0.213009 0.704521 -0.203044
v -0.235569 0.746572 -0.189449
v -0.235028 0.721596 -0.190437
v -0.234048 0.697596 -0.188909
v -0.170966 0.936453 -0.168394
v -0.192930 0.936764 -0.163143
v -0.212279 0.937779 -0.156805
v -0.165993 0.974768 -0.160534
v -0.187644 0.976061 -0.155925
v -0.206781 0.978295 -0.150341
v -0.161249 1.017008 -0.155261
v -0.182397 1.018946 -0.150952
v -0.201089 1.021992 -0.145767
v -0.138819 1.176265 0.191851
v -0.158042 1.176297 0.182954
v -0.175168 1.176524 0.173218
v -0.139832 1.131378 0.198435
v -0.160506 1.131060 0.189335
v -0.179263 1.131025 0.179297
v -0.141085 1.085078 0.204187
v -0.163265 1.084404 0.194964
v -0.183708 1.084078 0.184742
v -0.154805 0.823083 0.223278
v -0.180126 0.824309 0.212807
v -0.203723 0.825157 0.201446
v -0.157318 0.786877 0.220722
v -0.182593 0.789093 0.210058
v -0.206055 0.790635 0.198640
v -0.160820 0.752965 0.215845
v -0.185939 0.756086 0.205072
v -0.209089 0.758350 0.193737
v -0.132173 1.327798 0.153896
v -0.149729 1.327849 0.147455
v -0.165102 1.327605 0.140915
v -0.135029 1.294425 0.164774
v -0.152362 1.294621 0.157504
v -0.167412 1.294672 0.149959
v -0.136759 1.258158 0.174981
v -0.154235 1.258458 0.166991
v -0.169409 1.258737 0.158514
v -0.144945 0.992020 0.214420
v -0.169320 0.991052 0.204905
v -0.192145 0.990451 0.194337
v -0.147481 0.946790 0.218762
v -0.172385 0.946007 0.209029
v -0.195732 0.945522 0.198241
v -0.150110 0.903204 0.221995
v -0.175284 0.902847 0.212017
v -0.198854 0.902647 0.201006
v -0.191166 0.813393 -0.200887
v -0.213417 0.807477 -0.192237
v -0.232302 0.801491 -0.182338
v -0.187078 0.840745 -0.193749
v -0.209248 0.836369 -0.185999
v -0.228236 0.832071 -0.177028
v -0.181851 0.869958 -0.185840
v -0.204010 0.867303 -0.178945
v -0.223200 0.864900 -0.170840
v -0.104804 1.471080 0.016760
v -0.119193 1.464022 0.017617
v -0.137345 1.460209 0.018135
v -0.104064 1.468577 0.043067
v -0.119184 1.462357 0.042690
v -0.137532 1.458941 0.042131
v -0.102935 1.463201 0.067861
v -0.119838 1.457767 0.066050
v -0.138660 1.454726 0.064321
v -0.152069 1.114285 -0.157953
v -0.171562 1.116531 -0.152623
v -0.188594 1.119815 -0.146429
v -0.147543 1.166617 -0.164293
v -0.166044 1.168591 -0.157897
v -0.182056 1.171372 -0.150561
v -0.143063 1.217461 -0.169967
v -0.160705 1.218954 -0.162674
v -0.175849 1.220968 -0.154378
v -0.107366 1.434654 0.106306
v -0.127007 1.432615 0.102574
v -0.145722 1.430818 0.099119
v -0.114111 1.412183 0.119734
v -0.133374 1.411575 0.115656
v -0.151254 1.410461 0.111625
v -0.121339 1.386669 0.131566
v -0.139992 1.386557 0.126848
v -0.156914 1.385817 0.122126
v -0.114431 1.410805 -0.126108
v -0.133877 1.408229 -0.124192
v -0.151842 1.405495 -0.121697
v -0.109060 1.431381 -0.117649
v -0.129092 1.427481 -0.115843
v -0.147966 1.424031 -0.113599
v -0.104621 1.450437 -0.109023
v -0.124853 1.443830 -0.106389
v -0.144389 1.439290 -0.103873
v -0.134258 1.303015 -0.167497
v -0.151305 1.303160 -0.160519
v -0.165994 1.303334 -0.152635
v -0.129785 1.336003 -0.158500
v -0.147160 1.335400 -0.152779
v -0.162342 1.334676 -0.146298
v -0.125069 1.364062 -0.147139
v -0.143037 1.362741 -0.142935
v -0.159021 1.361207 -0.138106
v -0.269962 0.533411 -0.114736
v -0.059914 0.497254 -0.051463
v -0.062657 0.504418 -0.073844
v -0.069393 0.511821 -0.094463
v -0.204316 0.538808 -0.144246
v -0.222551 0.539616 -0.140531
v -0.238678 0.539079 -0.134138
v -0.103068 0.524858 -0.126035
v -0.128902 0.529864 -0.136004
v -0.156518 0.533851 -0.142245
v -0.082359 0.610886 -0.177726
v -0.090751 0.596707 -0.164428
v -0.096680 0.577198 -0.149939
v -0.106541 0.626600 -0.192488
v -0.115926 0.608912 -0.177462
v -0.122300 0.586449 -0.161555
v -0.134120 0.641984 -0.201755
v -0.143628 0.619633 -0.185185
v -0.149980 0.594033 -0.168408
v -0.240273 0.596370 0.136350
v -0.241150 0.574082 0.128409
v -0.240792 0.552116 0.122048
v -0.222361 0.591371 0.142219
v -0.224174 0.569707 0.133287
v -0.224408 0.548557 0.126365
v -0.200694 0.585218 0.145388
v -0.204118 0.564331 0.134823
v -0.205281 0.544171 0.127092
v -0.190054 0.657050 -0.199026
v -0.195141 0.630024 -0.183920
v -0.199447 0.601860 -0.168588
v -0.213709 0.654958 -0.188716
v -0.216423 0.629191 -0.176152
v -0.219169 0.601870 -0.162823
v -0.234047 0.650453 -0.176024
v -0.235345 0.625964 -0.165495
v -0.236846 0.599753 -0.154106
v -0.042944 0.556927 -0.067006
v -0.048950 0.547593 -0.063724
v -0.053805 0.534383 -0.059555
v -0.045611 0.568467 -0.099913
v -0.051768 0.558804 -0.093814
v -0.056665 0.544721 -0.086674
v -0.051854 0.581472 -0.130665
v -0.058369 0.571072 -0.121824
v -0.063409 0.555752 -0.111807
v -0.299651 0.612101 0.094386
v -0.300107 0.587986 0.087638
v -0.299873 0.563535 0.081659
v -0.286780 0.608779 0.107833
v -0.287091 0.585024 0.100791
v -0.286621 0.561077 0.094704
v -0.272008 0.604949 0.119098
v -0.272273 0.581616 0.111875
v -0.271642 0.558260 0.105809
v -0.320996 0.618558 0.016555
v -0.321596 0.593516 0.014255
v -0.321759 0.568001 0.012299
v -0.319482 0.617786 0.038856
v -0.320138 0.592921 0.035001
v -0.320306 0.567559 0.031553
v -0.316015 0.616585 0.059713
v -0.316680 0.591924 0.054530
v -0.316798 0.566773 0.049840
v -0.270209 0.639065 -0.146798
v -0.270372 0.615532 -0.138871
v -0.270531 0.590556 -0.130388
v -0.286584 0.633559 -0.130684
v -0.286608 0.609666 -0.123626
v -0.286552 0.584626 -0.116155
v -0.300582 0.628694 -0.113308
v -0.300629 0.604211 -0.107067
v -0.300537 0.578885 -0.100528
v -0.143251 0.563837 0.133597
v -0.150042 0.548127 0.122629
v -0.153112 0.531472 0.114485
v -0.111919 0.551095 0.118193
v -0.118822 0.538552 0.108702
v -0.122500 0.524042 0.101151
v -0.083617 0.540854 0.099262
v -0.090002 0.530411 0.091058
v -0.093989 0.517542 0.084230
v -0.048513 0.532187 0.053031
v -0.054012 0.523461 0.047540
v -0.058342 0.512011 0.042870
v -0.042494 0.534067 0.026247
v -0.048016 0.525399 0.022479
v -0.052541 0.513869 0.019423
v -0.041118 0.539264 -0.002817
v -0.046820 0.530391 -0.004562
v -0.051518 0.518450 -0.005614
v -0.064877 0.481748 0.037117
v -0.059189 0.483018 0.016065
v -0.058043 0.486148 -0.005852
v -0.011945 0.579917 -0.136566
v -0.010299 0.568667 -0.101664
v -0.009599 0.560153 -0.064544
v -0.023493 0.583583 -0.138197
v -0.020302 0.571622 -0.103424
v -0.018944 0.562196 -0.066425
v -0.034246 0.586647 -0.138812
v -0.029712 0.573932 -0.104603
v -0.027781 0.563456 -0.068168
v -0.103306 1.473384 -0.080825
v -0.120415 1.462598 -0.077035
v -0.139669 1.456896 -0.074145
v -0.104720 1.475378 -0.059679
v -0.119972 1.465164 -0.056326
v -0.138601 1.459770 -0.053727
v -0.105252 1.474481 -0.035680
v -0.119708 1.465300 -0.032964
v -0.137999 1.460440 -0.030856
v -0.426528 1.262237 -0.034510
v -0.451313 1.234089 -0.037080
v -0.477944 1.202563 -0.039162
v -0.430639 1.262573 -0.020339
v -0.455182 1.234839 -0.023526
v -0.481512 1.203711 -0.026365
v -0.432534 1.262212 -0.005848
v -0.457113 1.234468 -0.009684
v -0.483438 1.203363 -0.013320
v -0.224619 1.439248 -0.050410
v -0.235545 1.436540 -0.047868
v -0.246358 1.433492 -0.045434
v -0.223708 1.442927 -0.033674
v -0.234583 1.440208 -0.031706
v -0.245291 1.437124 -0.029861
v -0.223207 1.444261 -0.016013
v -0.234124 1.441522 -0.014682
v -0.244857 1.438409 -0.013414
v -0.268146 1.425297 -0.038962
v -0.279075 1.419624 -0.034781
v -0.289830 1.412567 -0.030582
v -0.266667 1.428788 -0.024870
v -0.277573 1.422844 -0.021666
v -0.288822 1.415134 -0.018529
v -0.266205 1.430008 -0.009705
v -0.277169 1.423958 -0.007237
v -0.288654 1.416007 -0.004791
v -0.361201 1.334904 -0.029991
v -0.373530 1.320959 -0.030255
v -0.387650 1.305265 -0.030881
v -0.365342 1.334080 -0.015024
v -0.377810 1.320332 -0.015213
v -0.391975 1.304893 -0.015955
v -0.366981 1.333628 0.000253
v -0.379520 1.319926 0.000136
v -0.393750 1.304525 -0.000705
v -0.311682 1.392506 -0.027327
v -0.323801 1.378905 -0.028198
v -0.336592 1.363840 -0.029091
v -0.313398 1.392573 -0.015045
v -0.326685 1.378122 -0.014818
v -0.340146 1.362788 -0.014906
v -0.314137 1.392604 -0.001408
v -0.327868 1.377772 -0.000645
v -0.341581 1.362291 -0.000235
v -0.174898 1.450577 -0.067059
v -0.189147 1.447592 -0.062406
v -0.201793 1.444674 -0.057715
v -0.173957 1.453905 -0.047530
v -0.188251 1.451075 -0.043568
v -0.200909 1.448266 -0.039629
v -0.173328 1.455036 -0.026056
v -0.187641 1.452321 -0.023103
v -0.200327 1.449576 -0.020221
v -0.127059 1.601729 -0.120165
v -0.105593 1.563342 -0.105756
v -0.093725 1.525260 -0.094459
v -0.132921 1.585102 -0.089891
v -0.111325 1.552777 -0.080425
v -0.098923 1.520368 -0.071658
v -0.135075 1.569556 -0.057995
v -0.113478 1.541793 -0.051684
v -0.100852 1.513849 -0.045218
v -0.317655 0.622211 -0.073957
v -0.317900 0.596865 -0.069873
v -0.317910 0.571073 -0.065592
v -0.320804 0.620613 -0.052179
v -0.321144 0.595186 -0.049539
v -0.321199 0.569369 -0.046690
v -0.321726 0.619694 -0.029539
v -0.322156 0.594339 -0.028496
v -0.322250 0.568589 -0.027209
v -0.318489 0.722772 -0.082731
v -0.318330 0.696810 -0.082040
v -0.317883 0.671828 -0.080262
v -0.321016 0.720984 -0.057046
v -0.320991 0.695168 -0.056985
v -0.320719 0.670275 -0.056065
v -0.321113 0.719329 -0.029887
v -0.321299 0.693751 -0.030590
v -0.321268 0.669075 -0.030679
v -0.256756 1.204548 -0.070950
v -0.259519 1.169672 -0.071488
v -0.267536 1.125951 -0.071118
v -0.264272 1.189905 -0.046836
v -0.265743 1.160169 -0.047863
v -0.272897 1.119355 -0.047590
v -0.268655 1.178922 -0.021865
v -0.269468 1.151366 -0.022537
v -0.276004 1.112253 -0.021955
v -0.295685 1.179851 0.071076
v -0.330766 1.152866 0.067155
v -0.369524 1.119363 0.063946
v -0.297893 1.172507 0.051302
v -0.329518 1.148683 0.050419
v -0.366586 1.116594 0.049553
v -0.299401 1.170931 0.029846
v -0.329426 1.147884 0.031504
v -0.365484 1.115981 0.032989
v -0.286086 1.028703 -0.070309
v -0.293655 0.979959 -0.070513
v -0.300092 0.932973 -0.071340
v -0.290499 1.024347 -0.046047
v -0.297646 0.976221 -0.045705
v -0.303688 0.929676 -0.045982
v -0.292569 1.019358 -0.019572
v -0.299213 0.972038 -0.018761
v -0.304785 0.926154 -0.018599
v -0.310086 0.849126 -0.075296
v -0.313716 0.813051 -0.078004
v -0.316357 0.780305 -0.080496
v -0.313016 0.846454 -0.049133
v -0.316403 0.810638 -0.051678
v -0.318886 0.778124 -0.054187
v -0.313364 0.843835 -0.021147
v -0.316511 0.808304 -0.023604
v -0.318863 0.776020 -0.026204
v -0.537655 1.132414 0.005336
v -0.537770 1.130353 0.016526
v -0.536564 1.127081 0.027328
v -0.527913 1.114979 0.046839
v -0.520147 1.106277 0.054999
v -0.530917 1.132996 -0.039384
v -0.533898 1.134792 -0.028450
v -0.535690 1.134784 -0.017300
v -0.201713 1.607532 -0.065570
v -0.200226 1.575226 0.009222
v -0.197823 1.562906 0.051673
v -0.194516 1.551715 0.100848
v -0.242735 1.583964 0.011053
v -0.241385 1.571805 0.055797
v -0.240218 1.560928 0.107762
v -0.198901 1.529533 0.239343
v -0.207699 1.520161 0.322790
v -0.244323 1.538805 0.244373
v -0.250206 1.529386 0.323944
v -0.289635 1.548623 0.247557
v -0.292916 1.539401 0.323860
s 0
f 1308 1309 1312 1311
f 1309 1310 1313 1312
f 84 193 1308 197
f 193 192 1309 1308
f 192 191 1310 1309
f 191 1 183 1310
f 1310 183 184 1313
f 197 1308 1311 198
f 1314 1315 1318 1317
f 1315 1316 1319 1318
f 1317 1318 1321 1320
f 1318 1319 1322 1321
f 1 191 1314 216
f 191 192 1315 1314
f 192 193 1316 1315
f 193 84 211 1316
f 1316 211 212 1319
f 1319 212 213 1322
f 1322 213 88 207
f 1321 1322 207 206
f 1320 1321 206 205
f 214 1320 205 3
f 215 1317 1320 214
f 216 1314 1317 215
f 1323 1324 1327 1326
f 1324 1325 1328 1327
f 1326 1327 1330 1329
f 1327 1328 1331 1330
f 87 204 1323 233
f 204 203 1324 1323
f 203 202 1325 1324
f 202 2 208 1325
f 1325 208 209 1328
f 1328 209 210 1331
f 1331 210 4 222
f 1330 1331 222 223
f 1329 1330 223 224
f 231 1329 224 91
f 232 1326 1329 231
f 233 1323 1326 232
f 1332 1333 1336 1335
f 1333 1334 1337 1336
f 1335 1336 1339 1338
f 1336 1337 1340 1339
f 69 185 1332 737
f 185 186 1333 1332
f 186 187 1334 1333
f 187 1 216 1334
f 1334 216 215 1337
f 1337 215 214 1340
f 1340 214 3 201
f 1339 1340 201 200
f 1338 1339 200 199
f 739 1338 199 70
f 738 1335 1338 739
f 737 1332 1335 738
f 1342 1343 1346 1345
f 1343 1344 1347 1346
f 1341 196 195 1344
f 1344 195 194 1347
f 1347 194 2 202
f 1346 1347 202 203
f 1345 1346 203 204
f 217 1345 204 87
f 218 1342 1345 217
f 1348 1349 1352 1351
f 1349 1350 1353 1352
f 1351 1352 1355 1354
f 1352 1353 1356 1355
f 8 281 1348 269
f 281 280 1349 1348
f 280 279 1350 1349
f 279 98 252 1350
f 1350 252 253 1353
f 1353 253 254 1356
f 1356 254 96 248
f 1355 1356 248 247
f 1354 1355 247 246
f 267 1354 246 7
f 268 1351 1354 267
f 269 1348 1351 268
f 1357 1358 1361 1360
f 1358 1359 1362 1361
f 1360 1361 1364 1363
f 1361 1362 1365 1364
f 3 205 1357 239
f 205 206 1358 1357
f 206 207 1359 1358
f 207 88 234 1359
f 1359 234 235 1362
f 1362 235 236 1365
f 1365 236 92 227
f 1364 1365 227 226
f 1363 1364 226 225
f 237 1363 225 5
f 238 1360 1363 237
f 239 1357 1360 238
f 1366 1367 1370 1369
f 1367 1368 1371 1370
f 1369 1370 1373 1372
f 1370 1371 1374 1373
f 50 625 1366 297
f 625 624 1367 1366
f 624 623 1368 1367
f 623 53 562 1368
f 1368 562 561 1371
f 1371 561 560 1374
f 1374 560 14 323
f 1373 1374 323 322
f 1372 1373 322 321
f 299 1372 321 19
f 298 1369 1372 299
f 297 1366 1369 298
f 1375 1376 1379 1378
f 1376 1377 1380 1379
f 1378 1379 1382 1381
f 1379 1380 1383 1382
f 144 529 1375 249
f 529 528 1376 1375
f 528 527 1377 1376
f 527 45 240 1377
f 1377 240 241 1380
f 1380 241 242 1383
f 1383 242 7 246
f 1382 1383 246 247
f 1381 1382 247 248
f 251 1381 248 96
f 250 1378 1381 251
f 249 1375 1378 250
f 1384 1385 1388 1387
f 1385 1386 1389 1388
f 1387 1388 1391 1390
f 1388 1389 1392 1391
f 53 622 1384 562
f 622 621 1385 1384
f 621 620 1386 1385
f 620 52 345 1386
f 1386 345 346 1389
f 1389 346 347 1392
f 1392 347 12 306
f 1391 1392 306 307
f 1390 1391 307 308
f 560 1390 308 14
f 561 1387 1390 560
f 562 1384 1387 561
f 1393 1394 1397 1396
f 1394 1395 1398 1397
f 1396 1397 1400 1399
f 1397 1398 1401 1400
f 97 275 1393 263
f 275 274 1394 1393
f 274 273 1395 1394
f 273 9 272 1395
f 1395 272 271 1398
f 1398 271 270 1401
f 1401 270 6 243
f 1400 1401 243 244
f 1399 1400 244 245
f 261 1399 245 95
f 262 1396 1399 261
f 263 1393 1396 262
f 1402 1403 1406 1405
f 1403 1404 1407 1406
f 1405 1406 1409 1408
f 1406 1407 1410 1409
f 132 493 1402 466
f 493 492 1403 1402
f 492 491 1404 1403
f 491 39 472 1404
f 1404 472 471 1407
f 1407 471 470 1410
f 1410 470 9 273
f 1409 1410 273 274
f 1408 1409 274 275
f 464 1408 275 97
f 465 1405 1408 464
f 466 1402 1405 465
f 1411 1412 1415 1414
f 1412 1413 1416 1415
f 1414 1415 1418 1417
f 1415 1416 1419 1418
f 51 619 1411 556
f 619 618 1412 1411
f 618 617 1413 1412
f 617 48 219 1413
f 1413 219 220 1416
f 1416 220 221 1419
f 1419 221 15 312
f 1418 1419 312 313
f 1417 1418 313 314
f 554 1417 314 13
f 555 1414 1417 554
f 556 1411 1414 555
f 1420 1421 1424 1423
f 1421 1422 1425 1424
f 1423 1424 1427 1426
f 1424 1425 1428 1427
f 38 490 1420 469
f 490 489 1421 1420
f 489 488 1422 1421
f 488 131 264 1422
f 1422 264 265 1425
f 1425 265 266 1428
f 1428 266 98 279
f 1427 1428 279 280
f 1426 1427 280 281
f 467 1426 281 8
f 468 1423 1426 467
f 469 1420 1423 468
f 1429 1430 1433 1432
f 1430 1431 1434 1433
f 1432 1433 1436 1435
f 1433 1434 1437 1436
f 5 225 1429 257
f 225 226 1430 1429
f 226 227 1431 1430
f 227 92 291 1431
f 1431 291 292 1434
f 1434 292 293 1437
f 1437 293 104 294
f 1436 1437 294 295
f 1435 1436 295 296
f 255 1435 296 10
f 256 1432 1435 255
f 257 1429 1432 256
f 1438 1439 1442 1441
f 1439 1440 1443 1442
f 1441 1442 1445 1444
f 1442 1443 1446 1445
f 59 616 1438 485
f 616 615 1439 1438
f 615 614 1440 1439
f 614 50 297 1440
f 1440 297 298 1443
f 1443 298 299 1446
f 1446 299 19 338
f 1445 1446 338 337
f 1444 1445 337 336
f 487 1444 336 41
f 486 1441 1444 487
f 485 1438 1441 486
f 1447 1448 1451 1450
f 1448 1449 1452 1451
f 1450 1451 1454 1453
f 1451 1452 1455 1454
f 91 224 1447 230
f 224 223 1448 1447
f 223 222 1449 1448
f 222 4 260 1449
f 1449 260 259 1452
f 1452 259 258 1455
f 1455 258 11 300
f 1454 1455 300 301
f 1453 1454 301 302
f 228 1453 302 101
f 229 1450 1453 228
f 230 1447 1450 229
f 1456 1457 1460 1459
f 1457 1458 1461 1460
f 1459 1460 1463 1462
f 1460 1461 1464 1463
f 30 434 1456 407
f 434 433 1457 1456
f 433 432 1458 1457
f 432 29 404 1458
f 1458 404 403 1461
f 1461 403 402 1464
f 1464 402 25 372
f 1463 1464 372 373
f 1462 1463 373 374
f 405 1462 374 23
f 406 1459 1462 405
f 407 1456 1459 406
f 1465 1466 1469 1468
f 1466 1467 1470 1469
f 1468 1469 1472 1471
f 1469 1470 1473 1472
f 79 747 1465 772
f 747 746 1466 1465
f 746 745 1467 1466
f 745 20 326 1467
f 1467 326 325 1470
f 1470 325 324 1473
f 1473 324 17 317
f 1472 1473 317 316
f 1471 1472 316 315
f 774 1471 315 78
f 773 1468 1471 774
f 772 1465 1468 773
f 1474 1475 1478 1477
f 1475 1476 1479 1478
f 1477 1478 1481 1480
f 1478 1479 1482 1481
f 81 753 1474 769
f 753 752 1475 1474
f 752 751 1476 1475
f 751 40 475 1476
f 1476 475 474 1479
f 1479 474 473 1482
f 1482 473 20 745
f 1481 1482 745 746
f 1480 1481 746 747
f 771 1480 747 79
f 770 1477 1480 771
f 769 1474 1477 770
f 1483 1484 1487 1486
f 1484 1485 1488 1487
f 1486 1487 1490 1489
f 1487 1488 1491 1490
f 29 431 1483 404
f 431 430 1484 1483
f 430 429 1485 1484
f 429 28 309 1485
f 1485 309 310 1488
f 1488 310 311 1491
f 1491 311 26 375
f 1490 1491 375 376
f 1489 1490 376 377
f 402 1489 377 25
f 403 1486 1489 402
f 404 1483 1486 403
f 1492 1493 1496 1495
f 1493 1494 1497 1496
f 1495 1496 1499 1498
f 1496 1497 1500 1499
f 77 715 1492 734
f 715 714 1493 1492
f 714 713 1494 1493
f 713 51 556 1494
f 1494 556 555 1497
f 1497 555 554 1500
f 1500 554 13 305
f 1499 1500 305 304
f 1498 1499 304 303
f 736 1498 303 71
f 735 1495 1498 736
f 734 1492 1495 735
f 1501 1502 1505 1504
f 1502 1503 1506 1505
f 1504 1505 1508 1507
f 1505 1506 1509 1508
f 54 610 1501 565
f 610 609 1502 1501
f 609 608 1503 1502
f 608 49 550 1503
f 1503 550 549 1506
f 1506 549 548 1509
f 1509 548 21 329
f 1508 1509 329 328
f 1507 1508 328 327
f 563 1507 327 16
f 564 1504 1507 563
f 565 1501 1504 564
f 1510 1511 1514 1513
f 1511 1512 1515 1514
f 1513 1514 1517 1516
f 1514 1515 1518 1517
f 58 607 1510 479
f 607 606 1511 1510
f 606 605 1512 1511
f 605 56 357 1512
f 1512 357 358 1515
f 1515 358 359 1518
f 1518 359 20 473
f 1517 1518 473 474
f 1516 1517 474 475
f 481 1516 475 40
f 480 1513 1516 481
f 479 1510 1513 480
f 1519 1520 1523 1522
f 1520 1521 1524 1523
f 1522 1523 1526 1525
f 1523 1524 1527 1526
f 48 604 1519 219
f 604 603 1520 1519
f 603 602 1521 1520
f 602 57 574 1521
f 1521 574 573 1524
f 1524 573 572 1527
f 1527 572 18 318
f 1526 1527 318 319
f 1525 1526 319 320
f 221 1525 320 15
f 220 1522 1525 221
f 219 1519 1522 220
f 1528 1529 1532 1531
f 1529 1530 1533 1532
f 1531 1532 1535 1534
f 1532 1533 1536 1535
f 56 601 1528 357
f 601 600 1529 1528
f 600 599 1530 1529
f 599 55 568 1530
f 1530 568 567 1533
f 1533 567 566 1536
f 1536 566 17 324
f 1535 1536 324 325
f 1534 1535 325 326
f 359 1534 326 20
f 358 1531 1534 359
f 357 1528 1531 358
f 1537 1538 1541 1540
f 1538 1539 1542 1541
f 1540 1541 1544 1543
f 1541 1542 1545 1544
f 72 363 1537 731
f 363 364 1538 1537
f 364 365 1539 1538
f 365 23 374 1539
f 1539 374 373 1542
f 1542 373 372 1545
f 1545 372 25 371
f 1544 1545 371 370
f 1543 1544 370 369
f 733 1543 369 73
f 732 1540 1543 733
f 731 1537 1540 732
f 1546 1547 1550 1549
f 1547 1548 1551 1550
f 1549 1550 1553 1552
f 1550 1551 1554 1553
f 73 369 1546 728
f 369 370 1547 1546
f 370 371 1548 1547
f 371 25 377 1548
f 1548 377 376 1551
f 1551 376 375 1554
f 1554 375 26 704
f 1553 1554 704 705
f 1552 1553 705 706
f 730 1552 706 74
f 729 1549 1552 730
f 728 1546 1549 729
f 1555 1556 1559 1558
f 1556 1557 1560 1559
f 1558 1559 1562 1561
f 1559 1560 1563 1562
f 80 339 1555 766
f 339 340 1556 1555
f 340 341 1557 1556
f 341 19 449 1557
f 1557 449 450 1560
f 1560 450 451 1563
f 767 1558 1561 768
f 766 1555 1558 767
f 1564 1565 1568 1567
f 1565 1566 1569 1568
f 1567 1568 1571 1570
f 1568 1569 1572 1571
f 33 425 1564 416
f 425 424 1565 1564
f 424 423 1566 1565
f 423 32 393 1566
f 1566 393 394 1569
f 1569 394 395 1572
f 1572 395 22 366
f 1571 1572 366 367
f 1570 1571 367 368
f 414 1570 368 24
f 415 1567 1570 414
f 416 1564 1567 415
f 1573 1574 1577 1576
f 1574 1575 1578 1577
f 1576 1577 1580 1579
f 1577 1578 1581 1580
f 31 422 1573 390
f 422 421 1574 1573
f 421 420 1575 1574
f 420 33 416 1575
f 1575 416 415 1578
f 1578 415 414 1581
f 1581 414 24 380
f 1580 1581 380 379
f 1579 1580 379 378
f 392 1579 378 27
f 391 1576 1579 392
f 390 1573 1576 391
f 1582 1583 1586 1585
f 1583 1584 1587 1586
f 1585 1586 1589 1588
f 1586 1587 1590 1589
f 75 709 1582 725
f 709 708 1583 1582
f 708 707 1584 1583
f 707 30 407 1584
f 1584 407 406 1587
f 1587 406 405 1590
f 1590 405 23 365
f 1589 1590 365 364
f 1588 1589 364 363
f 727 1588 363 72
f 726 1585 1588 727
f 725 1582 1585 726
f 1591 1592 1595 1594
f 1592 1593 1596 1595
f 1594 1595 1598 1597
f 1595 1596 1599 1598
f 71 303 1591 722
f 303 304 1592 1591
f 304 305 1593 1592
f 305 13 389 1593
f 1593 389 388 1596
f 1596 388 387 1599
f 1599 387 30 707
f 1598 1599 707 708
f 1597 1598 708 709
f 724 1597 709 75
f 723 1594 1597 724
f 722 1591 1594 723
f 1600 1601 1604 1603
f 1601 1602 1605 1604
f 1603 1604 1607 1606
f 1604 1605 1608 1607
f 19 321 1600 408
f 321 322 1601 1600
f 322 323 1602 1601
f 323 14 398 1602
f 1602 398 397 1605
f 1605 397 396 1608
f 1608 396 33 420
f 1607 1608 420 421
f 1606 1607 421 422
f 410 1606 422 31
f 409 1603 1606 410
f 408 1600 1603 409
f 1609 1610 1613 1612
f 1610 1611 1614 1613
f 1612 1613 1616 1615
f 1613 1614 1617 1616
f 14 308 1609 398
f 308 307 1610 1609
f 307 306 1611 1610
f 306 12 411 1611
f 1611 411 412 1614
f 1614 412 413 1617
f 1617 413 32 423
f 1616 1617 423 424
f 1615 1616 424 425
f 396 1615 425 33
f 397 1612 1615 396
f 398 1609 1612 397
f 1618 1619 1622 1621
f 1619 1620 1623 1622
f 1621 1622 1625 1624
f 1622 1623 1626 1625
f 31 390 1618 448
f 390 391 1619 1618
f 391 392 1620 1619
f 392 27 426 1620
f 1620 426 427 1623
f 1623 427 428 1626
f 1626 428 35 443
f 1625 1626 443 442
f 1624 1625 442 441
f 446 1624 441 37
f 447 1621 1624 446
f 448 1618 1621 447
f 1627 1628 1631 1630
f 1628 1629 1632 1631
f 1630 1631 1634 1633
f 1631 1632 1635 1634
f 15 320 1627 386
f 320 319 1628 1627
f 319 318 1629 1628
f 318 18 399 1629
f 1629 399 400 1632
f 1632 400 401 1635
f 1635 401 28 429
f 1634 1635 429 430
f 1633 1634 430 431
f 384 1633 431 29
f 385 1630 1633 384
f 386 1627 1630 385
f 1636 1637 1640 1639
f 1637 1638 1641 1640
f 1639 1640 1643 1642
f 1640 1641 1644 1643
f 13 314 1636 389
f 314 313 1637 1636
f 313 312 1638 1637
f 312 15 386 1638
f 1638 386 385 1641
f 1641 385 384 1644
f 1644 384 29 432
f 1643 1644 432 433
f 1642 1643 433 434
f 387 1642 434 30
f 388 1639 1642 387
f 389 1636 1639 388
f 1645 1646 1649 1648
f 1646 1647 1650 1649
f 1648 1649 1652 1651
f 1649 1650 1653 1652
f 28 401 1645 457
f 401 400 1646 1645
f 400 399 1647 1646
f 399 18 454 1647
f 1647 454 453 1650
f 1650 453 452 1653
f 455 1651 444 36
f 456 1648 1651 455
f 457 1645 1648 456
f 1654 1655 1658 1657
f 1655 1656 1659 1658
f 1657 1658 1661 1660
f 1658 1659 1662 1661
f 74 706 1654 719
f 706 705 1655 1654
f 705 704 1656 1655
f 704 26 458 1656
f 1656 458 459 1659
f 1659 459 460 1662
f 1662 460 34 710
f 1661 1662 710 711
f 1660 1661 711 712
f 721 1660 712 76
f 720 1657 1660 721
f 719 1654 1657 720
f 1663 1664 1667 1666
f 1664 1665 1668 1667
f 1666 1667 1670 1669
f 1667 1668 1671 1670
f 19 408 1663 449
f 408 409 1664 1663
f 409 410 1665 1664
f 410 31 448 1665
f 1665 448 447 1668
f 1668 447 446 1671
f 1671 446 37 445
f 450 1666 1669 451
f 449 1663 1666 450
f 1672 1673 1676 1675
f 1673 1674 1677 1676
f 1675 1676 1679 1678
f 1676 1677 1680 1679
f 26 311 1672 458
f 311 310 1673 1672
f 310 309 1674 1673
f 309 28 457 1674
f 1674 457 456 1677
f 1677 456 455 1680
f 1680 455 36 435
f 1679 1680 435 436
f 1678 1679 436 437
f 460 1678 437 34
f 459 1675 1678 460
f 458 1672 1675 459
f 1681 1682 1685 1684
f 1682 1683 1686 1685
f 1684 1685 1688 1687
f 1685 1686 1689 1688
f 57 598 1681 574
f 598 597 1682 1681
f 597 596 1683 1682
f 596 58 479 1683
f 1683 479 480 1686
f 1686 480 481 1689
f 1689 481 40 333
f 1688 1689 333 334
f 1687 1688 334 335
f 572 1687 335 18
f 573 1684 1687 572
f 574 1681 1684 573
f 1690 1691 1694 1693
f 1691 1692 1695 1694
f 1693 1694 1697 1696
f 1694 1695 1698 1697
f 80 750 1690 763
f 750 749 1691 1690
f 749 748 1692 1691
f 748 18 335 1692
f 1692 335 334 1695
f 1695 334 333 1698
f 1698 333 40 751
f 1697 1698 751 752
f 1696 1697 752 753
f 765 1696 753 81
f 764 1693 1696 765
f 763 1690 1693 764
f 1699 1700 1703 1702
f 1700 1701 1704 1703
f 1702 1703 1706 1705
f 1703 1704 1707 1706
f 49 595 1699 550
f 595 594 1700 1699
f 594 593 1701 1700
f 593 59 485 1701
f 1701 485 486 1704
f 1704 486 487 1707
f 1707 487 41 478
f 1706 1707 478 477
f 1705 1706 477 476
f 548 1705 476 21
f 549 1702 1705 548
f 550 1699 1702 549
f 1708 1709 1712 1711
f 1709 1710 1713 1712
f 1711 1712 1715 1714
f 1712 1713 1716 1715
f 10 296 1708 287
f 296 295 1709 1708
f 295 294 1710 1709
f 294 104 461 1710
f 1710 461 462 1713
f 1713 462 463 1716
f 1716 463 131 488
f 1715 1716 488 489
f 1714 1715 489 490
f 285 1714 490 38
f 286 1711 1714 285
f 287 1708 1711 286
f 1717 1718 1721 1720
f 1718 1719 1722 1721
f 1720 1721 1724 1723
f 1721 1722 1725 1724
f 101 302 1717 284
f 302 301 1718 1717
f 301 300 1719 1718
f 300 11 290 1719
f 1719 290 289 1722
f 1722 289 288 1725
f 1725 288 39 491
f 1724 1725 491 492
f 1723 1724 492 493
f 282 1723 493 132
f 283 1720 1723 282
f 284 1717 1720 283
f 1726 1727 1730 1729
f 1727 1728 1731 1730
f 1729 1730 1733 1732
f 1730 1731 1734 1733
f 142 520 1726 500
f 520 519 1727 1726
f 519 518 1728 1727
f 518 44 494 1728
f 1728 494 495 1731
f 1731 495 496 1734
f 1734 496 42 506
f 1733 1734 506 507
f 1732 1733 507 508
f 502 1732 508 139
f 501 1729 1732 502
f 500 1726 1729 501
f 1735 1736 1739 1738
f 1736 1737 1740 1739
f 1738 1739 1742 1741
f 1739 1740 1743 1742
f 167 689 1735 503
f 689 688 1736 1735
f 688 687 1737 1736
f 687 67 497 1737
f 1737 497 498 1740
f 1740 498 499 1743
f 1743 499 43 509
f 1742 1743 509 510
f 1741 1742 510 511
f 505 1741 511 140
f 504 1738 1741 505
f 503 1735 1738 504
f 1744 1745 1748 1747
f 1745 1746 1749 1748
f 1747 1748 1751 1750
f 1748 1749 1752 1751
f 95 245 1744 515
f 245 244 1745 1744
f 244 243 1746 1745
f 243 6 512 1746
f 1746 512 513 1749
f 1749 513 514 1752
f 1752 514 44 518
f 1751 1752 518 519
f 1750 1751 519 520
f 517 1750 520 142
f 516 1747 1750 517
f 515 1744 1747 516
f 1753 1754 1757 1756
f 1754 1755 1758 1757
f 1756 1757 1760 1759
f 1757 1758 1761 1760
f 140 511 1753 524
f 511 510 1754 1753
f 510 509 1755 1754
f 509 43 521 1755
f 1755 521 522 1758
f 1758 522 523 1761
f 1761 523 45 527
f 1760 1761 527 528
f 1759 1760 528 529
f 526 1759 529 144
f 525 1756 1759 526
f 524 1753 1756 525
f 1762 1763 1766 1765
f 1763 1764 1767 1766
f 1765 1766 1769 1768
f 1766 1767 1770 1769
f 54 565 1762 590
f 565 564 1763 1762
f 564 563 1764 1763
f 563 16 539 1764
f 1764 539 540 1767
f 1767 540 541 1770
f 1770 541 47 581
f 1769 1770 581 582
f 1768 1769 582 583
f 592 1768 583 60
f 591 1765 1768 592
f 590 1762 1765 591
f 1771 1772 1775 1774
f 1772 1773 1776 1775
f 1774 1775 1778 1777
f 1775 1776 1779 1778
f 55 589 1771 568
f 589 588 1772 1771
f 588 587 1773 1772
f 587 61 536 1773
f 1773 536 537 1776
f 1776 537 538 1779
f 1779 538 46 533
f 1778 1779 533 534
f 1777 1778 534 535
f 566 1777 535 17
f 567 1774 1777 566
f 568 1771 1774 567
f 1780 1781 1784 1783
f 1781 1782 1785 1784
f 1783 1784 1787 1786
f 1784 1785 1788 1787
f 78 315 1780 760
f 315 316 1781 1780
f 316 317 1782 1781
f 317 17 535 1782
f 1782 535 534 1785
f 1785 534 533 1788
f 1788 533 46 754
f 1787 1788 754 755
f 1786 1787 755 756
f 762 1786 756 82
f 761 1783 1786 762
f 760 1780 1783 761
f 1789 1790 1793 1792
f 1790 1791 1794 1793
f 1792 1793 1796 1795
f 1793 1794 1797 1796
f 7 242 1789 356
f 242 241 1790 1789
f 241 240 1791 1790
f 240 45 584 1791
f 1791 584 585 1794
f 1794 585 586 1797
f 1797 586 61 587
f 1796 1797 587 588
f 1795 1796 588 589
f 354 1795 589 55
f 355 1792 1795 354
f 356 1789 1792 355
f 1798 1799 1802 1801
f 1799 1800 1803 1802
f 1801 1802 1805 1804
f 1802 1803 1806 1805
f 6 353 1798 512
f 353 352 1799 1798
f 352 351 1800 1799
f 351 54 590 1800
f 1800 590 591 1803
f 1803 591 592 1806
f 1806 592 60 530
f 1805 1806 530 531
f 1804 1805 531 532
f 514 1804 532 44
f 513 1801 1804 514
f 512 1798 1801 513
f 1807 1808 1811 1810
f 1808 1809 1812 1811
f 1810 1811 1814 1813
f 1811 1812 1815 1814
f 9 470 1807 278
f 470 471 1808 1807
f 471 472 1809 1808
f 472 39 578 1809
f 1809 578 579 1812
f 1812 579 580 1815
f 1815 580 59 593
f 1814 1815 593 594
f 1813 1814 594 595
f 276 1813 595 49
f 277 1810 1813 276
f 278 1807 1810 277
f 1816 1817 1820 1819
f 1817 1818 1821 1820
f 1819 1820 1823 1822
f 1820 1821 1824 1823
f 10 287 1816 362
f 287 286 1817 1816
f 286 285 1818 1817
f 285 38 575 1818
f 1818 575 576 1821
f 1821 576 577 1824
f 1824 577 58 596
f 1823 1824 596 597
f 1822 1823 597 598
f 360 1822 598 57
f 361 1819 1822 360
f 362 1816 1819 361
f 1825 1826 1829 1828
f 1826 1827 1830 1829
f 1828 1829 1832 1831
f 1829 1830 1833 1832
f 8 269 1825 569
f 269 268 1826 1825
f 268 267 1827 1826
f 267 7 356 1827
f 1827 356 355 1830
f 1830 355 354 1833
f 1833 354 55 599
f 1832 1833 599 600
f 1831 1832 600 601
f 571 1831 601 56
f 570 1828 1831 571
f 569 1825 1828 570
f 1834 1835 1838 1837
f 1835 1836 1839 1838
f 1837 1838 1841 1840
f 1838 1839 1842 1841
f 5 257 1834 545
f 257 256 1835 1834
f 256 255 1836 1835
f 255 10 362 1836
f 1836 362 361 1839
f 1839 361 360 1842
f 1842 360 57 602
f 1841 1842 602 603
f 1840 1841 603 604
f 547 1840 604 48
f 546 1837 1840 547
f 545 1834 1837 546
f 1843 1844 1847 1846
f 1844 1845 1848 1847
f 1846 1847 1850 1849
f 1847 1848 1851 1850
f 38 469 1843 575
f 469 468 1844 1843
f 468 467 1845 1844
f 467 8 569 1845
f 1845 569 570 1848
f 1848 570 571 1851
f 1851 571 56 605
f 1850 1851 605 606
f 1849 1850 606 607
f 577 1849 607 58
f 576 1846 1849 577
f 575 1843 1846 576
f 1852 1853 1856 1855
f 1853 1854 1857 1856
f 1855 1856 1859 1858
f 1856 1857 1860 1859
f 6 270 1852 353
f 270 271 1853 1852
f 271 272 1854 1853
f 272 9 278 1854
f 1854 278 277 1857
f 1857 277 276 1860
f 1860 276 49 608
f 1859 1860 608 609
f 1858 1859 609 610
f 351 1858 610 54
f 352 1855 1858 351
f 353 1852 1855 352
f 1861 1862 1865 1864
f 1862 1863 1866 1865
f 1864 1865 1868 1867
f 1865 1866 1869 1868
f 70 199 1861 716
f 199 200 1862 1861
f 200 201 1863 1862
f 201 3 344 1863
f 1863 344 343 1866
f 1866 343 342 1869
f 1869 342 51 713
f 1868 1869 713 714
f 1867 1868 714 715
f 718 1867 715 77
f 717 1864 1867 718
f 716 1861 1864 717
f 1870 1871 1874 1873
f 1871 1872 1875 1874
f 1873 1874 1877 1876
f 1874 1875 1878 1877
f 39 288 1870 578
f 288 289 1871 1870
f 289 290 1872 1871
f 290 11 551 1872
f 1872 551 552 1875
f 1875 552 553 1878
f 1878 553 50 614
f 1877 1878 614 615
f 1876 1877 615 616
f 580 1876 616 59
f 579 1873 1876 580
f 578 1870 1873 579
f 1879 1880 1883 1882
f 1880 1881 1884 1883
f 1882 1883 1886 1885
f 1883 1884 1887 1886
f 3 239 1879 344
f 239 238 1880 1879
f 238 237 1881 1880
f 237 5 545 1881
f 1881 545 546 1884
f 1884 546 547 1887
f 1887 547 48 617
f 1886 1887 617 618
f 1885 1886 618 619
f 342 1885 619 51
f 343 1882 1885 342
f 344 1879 1882 343
f 1888 1889 1892 1891
f 1889 1890 1893 1892
f 1891 1892 1895 1894
f 1892 1893 1896 1895
f 4 210 1888 350
f 210 209 1889 1888
f 209 208 1890 1889
f 208 2 557 1890
f 1890 557 558 1893
f 1893 558 559 1896
f 1896 559 52 620
f 1895 1896 620 621
f 1894 1895 621 622
f 348 1894 622 53
f 349 1891 1894 348
f 350 1888 1891 349
f 1897 1898 1901 1900
f 1898 1899 1902 1901
f 1900 1901 1904 1903
f 1901 1902 1905 1904
f 11 258 1897 551
f 258 259 1898 1897
f 259 260 1899 1898
f 260 4 350 1899
f 1899 350 349 1902
f 1902 349 348 1905
f 1905 348 53 623
f 1904 1905 623 624
f 1903 1904 624 625
f 553 1903 625 50
f 552 1900 1903 553
f 551 1897 1900 552
f 669 62 626 1906
f 64 668 1907 645
f 1908 1909 1912 1911
f 1909 1910 1913 1912
f 1911 1912 1915 1914
f 1912 1913 1916 1915
f 68 680 1908 684
f 680 679 1909 1908
f 679 678 1910 1909
f 678 65 633 1910
f 1910 633 634 1913
f 1913 634 635 1916
f 685 1911 1914 686
f 684 1908 1911 685
f 66 661 1917 655
f 661 660 1918 1917
f 660 659 1919 1918
f 659 64 645 1919
f 655 1917 1920 654
f 1921 1922 1925 1924
f 1922 1923 1926 1925
f 65 658 1921 633
f 658 657 1922 1921
f 657 656 1923 1922
f 656 66 655 1923
f 1923 655 654 1926
f 634 1924 1927 635
f 633 1921 1924 634
f 1928 1929 1932 1931
f 1929 1930 1933 1932
f 1931 1932 1935 1934
f 1932 1933 1936 1935
f 42 496 1928 651
f 496 495 1929 1928
f 495 494 1930 1929
f 494 44 638 1930
f 1930 638 637 1933
f 1933 637 636 1936
f 1936 636 66 656
f 1935 1936 656 657
f 1934 1935 657 658
f 653 1934 658 65
f 652 1931 1934 653
f 651 1928 1931 652
f 1937 1938 1941 1940
f 1938 1939 1942 1941
f 1940 1941 1944 1943
f 1941 1942 1945 1944
f 61 586 1937 648
f 586 585 1938 1937
f 585 584 1939 1938
f 584 45 629 1939
f 1939 629 628 1942
f 1942 628 627 1945
f 649 1940 1943 650
f 648 1937 1940 649
f 1946 1947 1950 1949
f 1947 1948 1951 1950
f 1949 1950 1953 1952
f 1950 1951 1954 1953
f 44 532 1946 638
f 532 531 1947 1946
f 531 530 1948 1947
f 530 60 632 1948
f 1948 632 631 1951
f 1951 631 630 1954
f 1954 630 64 659
f 1953 1954 659 660
f 1952 1953 660 661
f 636 1952 661 66
f 637 1949 1952 636
f 638 1946 1949 637
f 1955 1956 1959 1958
f 1956 1957 1960 1959
f 1958 1959 1962 1961
f 1959 1960 1963 1962
f 67 674 1955 681
f 674 673 1956 1955
f 673 672 1957 1956
f 672 42 651 1957
f 1957 651 652 1960
f 1960 652 653 1963
f 1963 653 65 678
f 1962 1963 678 679
f 1961 1962 679 680
f 683 1961 680 68
f 682 1958 1961 683
f 681 1955 1958 682
f 1964 1965 1968 1967
f 1965 1966 1969 1968
f 46 538 1964 646
f 538 537 1965 1964
f 537 536 1966 1965
f 536 61 648 1966
f 1966 648 649 1969
f 646 1964 1967 647
f 1970 1971 1974 1973
f 1971 1972 1975 1974
f 1973 1974 1977 1976
f 1974 1975 1978 1977
f 82 756 1970 757
f 756 755 1971 1970
f 755 754 1972 1971
f 754 46 646 1972
f 1972 646 647 1975
f 758 1973 1976 759
f 757 1970 1973 758
f 1979 1980 1983 1982
f 1980 1981 1984 1983
f 1982 1983 1986 1985
f 1983 1984 1987 1986
f 60 583 1979 632
f 583 582 1980 1979
f 582 581 1981 1980
f 581 47 642 1981
f 1981 642 643 1984
f 1984 643 644 1987
f 1987 644 63 666
f 1986 1987 666 667
f 1985 1986 667 668
f 630 1985 668 64
f 631 1982 1985 630
f 632 1979 1982 631
f 1988 1989 1992 1991
f 1989 1990 1993 1992
f 1991 1992 1995 1994
f 1992 1993 1996 1995
f 45 523 1988 629
f 523 522 1989 1988
f 522 521 1990 1989
f 521 43 639 1990
f 1990 639 640 1993
f 1993 640 641 1996
f 1996 641 62 669
f 1995 1996 669 670
f 1994 1995 670 671
f 628 1991 1994 627
f 629 1988 1991 628
f 1997 1998 2001 2000
f 1998 1999 2002 2001
f 2000 2001 2004 2003
f 2001 2002 2005 2004
f 43 499 1997 639
f 499 498 1998 1997
f 498 497 1999 1998
f 497 67 681 1999
f 1999 681 682 2002
f 2002 682 683 2005
f 2005 683 68 662
f 2004 2005 662 663
f 2003 2004 663 664
f 641 2003 664 62
f 640 2000 2003 641
f 639 1997 2000 640
f 2006 2007 2010 2009
f 2007 2008 2011 2010
f 62 664 2006 626
f 664 663 2007 2006
f 663 662 2008 2007
f 662 68 684 2008
f 2008 684 685 2011
f 2011 685 686 2012
f 2013 2014 2017 2016
f 2014 2015 2018 2017
f 2016 2017 2020 2019
f 2017 2018 2021 2020
f 139 508 2013 675
f 508 507 2014 2013
f 507 506 2015 2014
f 506 42 672 2015
f 2015 672 673 2018
f 2018 673 674 2021
f 2021 674 67 687
f 2020 2021 687 688
f 2019 2020 688 689
f 677 2019 689 167
f 676 2016 2019 677
f 675 2013 2016 676
f 2022 2023 2026 2025
f 2023 2024 2027 2026
f 2025 2026 2029 2028
f 2026 2027 2030 2029
f 2 692 2022 557
f 692 693 2023 2022
f 693 694 2024 2023
f 694 70 716 2024
f 2024 716 717 2027
f 2027 717 718 2030
f 2030 718 77 611
f 2029 2030 611 612
f 2028 2029 612 613
f 559 2028 613 52
f 558 2025 2028 559
f 557 2022 2025 558
f 2031 2032 2035 2034
f 2032 2033 2036 2035
f 2034 2035 2038 2037
f 2035 2036 2039 2038
f 27 383 2031 426
f 383 382 2032 2031
f 382 381 2033 2032
f 381 74 719 2033
f 2033 719 720 2036
f 2036 720 721 2039
f 2039 721 76 438
f 2038 2039 438 439
f 2037 2038 439 440
f 428 2037 440 35
f 427 2034 2037 428
f 426 2031 2034 427
f 2040 2041 2044 2043
f 2041 2042 2045 2044
f 2043 2044 2047 2046
f 2044 2045 2048 2047
f 12 695 2040 411
f 695 696 2041 2040
f 696 697 2042 2041
f 697 71 722 2042
f 2042 722 723 2045
f 2045 723 724 2048
f 2048 724 75 417
f 2047 2048 417 418
f 2046 2047 418 419
f 413 2046 419 32
f 412 2043 2046 413
f 411 2040 2043 412
f 2049 2050 2053 2052
f 2050 2051 2054 2053
f 2052 2053 2056 2055
f 2053 2054 2057 2056
f 32 419 2049 393
f 419 418 2050 2049
f 418 417 2051 2050
f 417 75 725 2051
f 2051 725 726 2054
f 2054 726 727 2057
f 2057 727 72 700
f 2056 2057 700 699
f 2055 2056 699 698
f 395 2055 698 22
f 394 2052 2055 395
f 393 2049 2052 394
f 2058 2059 2062 2061
f 2059 2060 2063 2062
f 2061 2062 2065 2064
f 2062 2063 2066 2065
f 24 701 2058 380
f 701 702 2059 2058
f 702 703 2060 2059
f 703 73 728 2060
f 2060 728 729 2063
f 2063 729 730 2066
f 2066 730 74 381
f 2065 2066 381 382
f 2064 2065 382 383
f 378 2064 383 27
f 379 2061 2064 378
f 380 2058 2061 379
f 2067 2068 2071 2070
f 2068 2069 2072 2071
f 2070 2071 2074 2073
f 2071 2072 2075 2074
f 22 698 2067 366
f 698 699 2068 2067
f 699 700 2069 2068
f 700 72 731 2069
f 2069 731 732 2072
f 2072 732 733 2075
f 2075 733 73 703
f 2074 2075 703 702
f 2073 2074 702 701
f 368 2073 701 24
f 367 2070 2073 368
f 366 2067 2070 367
f 2076 2077 2080 2079
f 2077 2078 2081 2080
f 2079 2080 2083 2082
f 2080 2081 2084 2083
f 52 613 2076 345
f 613 612 2077 2076
f 612 611 2078 2077
f 611 77 734 2078
f 2078 734 735 2081
f 2081 735 736 2084
f 2084 736 71 697
f 2083 2084 697 696
f 2082 2083 696 695
f 347 2082 695 12
f 346 2079 2082 347
f 345 2076 2079 346
f 2085 2086 2089 2088
f 2086 2087 2090 2089
f 2088 2089 2092 2091
f 2089 2090 2093 2092
f 690 691 2087 2086
f 691 69 737 2087
f 2087 737 738 2090
f 2090 738 739 2093
f 2093 739 70 694
f 2092 2093 694 693
f 2091 2092 693 692
f 194 2091 692 2
f 195 2088 2091 194
f 196 2085 2088 195
f 2094 2095 2098 2097
f 2095 2096 2099 2098
f 2097 2098 2101 2100
f 2098 2099 2102 2101
f 47 544 2094 642
f 544 543 2095 2094
f 543 542 2096 2095
f 542 82 757 2096
f 2096 757 758 2099
f 2099 758 759 2102
f 644 2100 665 63
f 643 2097 2100 644
f 642 2094 2097 643
f 2103 2104 2107 2106
f 2104 2105 2108 2107
f 2106 2107 2110 2109
f 2107 2108 2111 2110
f 16 742 2103 539
f 742 743 2104 2103
f 743 744 2105 2104
f 744 78 760 2105
f 2105 760 761 2108
f 2108 761 762 2111
f 2111 762 82 542
f 2110 2111 542 543
f 2109 2110 543 544
f 541 2109 544 47
f 540 2106 2109 541
f 539 2103 2106 540
f 2112 2113 2116 2115
f 2113 2114 2117 2116
f 2115 2116 2119 2118
f 2116 2117 2120 2119
f 19 341 2112 338
f 341 340 2113 2112
f 340 339 2114 2113
f 339 80 763 2114
f 2114 763 764 2117
f 2117 764 765 2120
f 2120 765 81 482
f 2119 2120 482 483
f 2118 2119 483 484
f 336 2118 484 41
f 337 2115 2118 336
f 338 2112 2115 337
f 2121 2122 2125 2124
f 2122 2123 2126 2125
f 2124 2125 2128 2127
f 2125 2126 2129 2128
f 18 748 2121 454
f 748 749 2122 2121
f 749 750 2123 2122
f 750 80 766 2123
f 2123 766 767 2126
f 2126 767 768 2129
f 453 2124 2127 452
f 454 2121 2124 453
f 2130 2131 2134 2133
f 2131 2132 2135 2134
f 2133 2134 2137 2136
f 2134 2135 2138 2137
f 41 484 2130 478
f 484 483 2131 2130
f 483 482 2132 2131
f 482 81 769 2132
f 2132 769 770 2135
f 2135 770 771 2138
f 2138 771 79 330
f 2137 2138 330 331
f 2136 2137 331 332
f 476 2136 332 21
f 477 2133 2136 476
f 478 2130 2133 477
f 2139 2140 2143 2142
f 2140 2141 2144 2143
f 2142 2143 2146 2145
f 2143 2144 2147 2146
f 21 332 2139 329
f 332 331 2140 2139
f 331 330 2141 2140
f 330 79 772 2141
f 2141 772 773 2144
f 2144 773 774 2147
f 2147 774 78 744
f 2146 2147 744 743
f 2145 2146 743 742
f 327 2145 742 16
f 328 2142 2145 327
f 329 2139 2142 328
f 76 712 2148 776
f 712 711 2149 2148
f 711 710 2150 2149
f 35 440 2151 775
f 440 439 2152 2151
f 439 438 2153 2152
f 438 76 776 2153
f 691 2154 741 69
f 2155 2156 2158 2157
f 2157 2158 2160 2159
f 69 741 2155 185
f 741 740 2156 2155
f 2159 2160 189 190
f 187 2159 190 1
f 186 2157 2159 187
f 185 2155 2157 186
f 2161 2162 2165 2164
f 2162 2163 2166 2165
f 1 190 2161 183
f 190 189 2162 2161
f 189 188 2163 2162
f 183 2161 2164 184
f 2167 2168 2170 2169
f 2169 2170 2172 2171
f 84 197 2167 787
f 197 198 2168 2167
f 2171 2172 778 777
f 785 2171 777 83
f 786 2169 2171 785
f 787 2167 2169 786
f 2173 2174 2177 2176
f 2174 2175 2178 2177
f 2176 2177 2180 2179
f 2177 2178 2181 2180
f 83 805 2173 785
f 805 804 2174 2173
f 804 803 2175 2174
f 803 86 797 2175
f 2175 797 798 2178
f 2178 798 799 2181
f 2181 799 88 213
f 2180 2181 213 212
f 2179 2180 212 211
f 787 2179 211 84
f 786 2176 2179 787
f 785 2173 2176 786
f 2182 2183 2186 2185
f 2183 2184 2187 2186
f 2185 2186 2189 2188
f 2186 2187 2190 2189
f 87 233 2182 796
f 233 232 2183 2182
f 232 231 2184 2183
f 231 91 811 2184
f 2184 811 810 2187
f 2187 810 809 2190
f 2190 809 89 802
f 2189 2190 802 801
f 2188 2189 801 800
f 794 2188 800 85
f 795 2185 2188 794
f 796 2182 2185 795
f 2191 2192 2195 2194
f 2192 2193 2196 2195
f 2194 2195 2198 2197
f 2195 2196 2199 2198
f 169 1267 2191 779
f 1267 1268 2192 2191
f 1268 1269 2193 2192
f 1269 170 791 2193
f 2193 791 792 2196
f 2196 792 793 2199
f 2199 793 86 803
f 2198 2199 803 804
f 2197 2198 804 805
f 781 2197 805 83
f 780 2194 2197 781
f 779 2191 2194 780
f 2200 2201 2203 2202
f 2202 2203 2206 2205
f 218 217 2201 2200
f 217 87 796 2201
f 2201 796 795 2203
f 2203 795 794 2206
f 2206 794 85 788
f 2205 2206 788 789
f 2204 2205 789 790
f 2207 2208 2211 2210
f 2208 2209 2212 2211
f 2210 2211 2214 2213
f 2211 2212 2215 2214
f 99 835 2207 847
f 835 834 2208 2207
f 834 833 2209 2208
f 833 94 824 2209
f 2209 824 825 2212
f 2212 825 826 2215
f 2215 826 96 254
f 2214 2215 254 253
f 2213 2214 253 252
f 845 2213 252 98
f 846 2210 2213 845
f 847 2207 2210 846
f 2216 2217 2220 2219
f 2217 2218 2221 2220
f 2219 2220 2223 2222
f 2220 2221 2224 2223
f 86 817 2216 797
f 817 816 2217 2216
f 816 815 2218 2217
f 815 90 812 2218
f 2218 812 813 2221
f 2221 813 814 2224
f 2224 814 92 236
f 2223 2224 236 235
f 2222 2223 235 234
f 799 2222 234 88
f 798 2219 2222 799
f 797 2216 2219 798
f 2225 2226 2229 2228
f 2226 2227 2230 2229
f 2228 2229 2232 2231
f 2229 2230 2233 2232
f 149 857 2225 1166
f 857 858 2226 2225
f 858 859 2227 2226
f 859 112 881 2227
f 2227 881 882 2230
f 2230 882 883 2233
f 2233 883 107 1101
f 2232 2233 1101 1102
f 2231 2232 1102 1103
f 1164 2231 1103 152
f 1165 2228 2231 1164
f 1166 2225 2228 1165
f 2234 2235 2238 2237
f 2235 2236 2239 2238
f 2237 2238 2241 2240
f 2238 2239 2242 2241
f 144 249 2234 1070
f 249 250 2235 2234
f 250 251 2236 2235
f 251 96 826 2236
f 2236 826 825 2239
f 2239 825 824 2242
f 2242 824 94 820
f 2241 2242 820 819
f 2240 2241 819 818
f 1068 2240 818 143
f 1069 2237 2240 1068
f 1070 2234 2237 1069
f 2243 2244 2247 2246
f 2244 2245 2248 2247
f 2246 2247 2250 2249
f 2247 2248 2251 2250
f 152 1103 2243 1163
f 1103 1102 2244 2243
f 1102 1101 2245 2244
f 1101 107 868 2245
f 2245 868 867 2248
f 2248 867 866 2251
f 2251 866 105 907
f 2250 2251 907 906
f 2249 2250 906 905
f 1161 2249 905 151
f 1162 2246 2249 1161
f 1163 2243 2246 1162
f 2252 2253 2256 2255
f 2253 2254 2257 2256
f 2255 2256 2259 2258
f 2256 2257 2260 2259
f 97 263 2252 841
f 263 262 2253 2252
f 262 261 2254 2253
f 261 95 823 2254
f 2254 823 822 2257
f 2257 822 821 2260
f 2260 821 93 836
f 2259 2260 836 837
f 2258 2259 837 838
f 839 2258 838 100
f 840 2255 2258 839
f 841 2252 2255 840
f 2261 2262 2265 2264
f 2262 2263 2266 2265
f 2264 2265 2268 2267
f 2265 2266 2269 2268
f 132 466 2261 1046
f 466 465 2262 2261
f 465 464 2263 2262
f 464 97 841 2263
f 2263 841 840 2266
f 2266 840 839 2269
f 2269 839 100 1023
f 2268 2269 1023 1024
f 2267 2268 1024 1025
f 1044 2267 1025 134
f 1045 2264 2267 1044
f 1046 2261 2264 1045
f 2270 2271 2274 2273
f 2271 2272 2275 2274
f 2273 2274 2277 2276
f 2274 2275 2278 2277
f 150 1097 2270 1160
f 1097 1096 2271 2270
f 1096 1095 2272 2271
f 1095 106 874 2272
f 2272 874 873 2275
f 2275 873 872 2278
f 2278 872 108 808
f 2277 2278 808 807
f 2276 2277 807 806
f 1158 2276 806 147
f 1159 2273 2276 1158
f 1160 2270 2273 1159
f 2279 2280 2283 2282
f 2280 2281 2284 2283
f 2282 2283 2286 2285
f 2283 2284 2287 2286
f 133 1022 2279 1043
f 1022 1021 2280 2279
f 1021 1020 2281 2280
f 1020 99 847 2281
f 2281 847 846 2284
f 2284 846 845 2287
f 2287 845 98 266
f 2286 2287 266 265
f 2285 2286 265 264
f 1041 2285 264 131
f 1042 2282 2285 1041
f 1043 2279 2282 1042
f 2288 2289 2292 2291
f 2289 2290 2293 2292
f 2291 2292 2295 2294
f 2292 2293 2296 2295
f 90 829 2288 812
f 829 828 2289 2288
f 828 827 2290 2289
f 827 102 856 2290
f 2290 856 855 2293
f 2293 855 854 2296
f 2296 854 104 293
f 2295 2296 293 292
f 2294 2295 292 291
f 814 2294 291 92
f 813 2291 2294 814
f 812 2288 2291 813
f 2297 2298 2301 2300
f 2298 2299 2302 2301
f 2300 2301 2304 2303
f 2301 2302 2305 2304
f 158 1038 2297 1157
f 1038 1039 2298 2297
f 1039 1040 2299 2298
f 1040 136 896 2299
f 2299 896 897 2302
f 2302 897 898 2305
f 2305 898 112 859
f 2304 2305 859 858
f 2303 2304 858 857
f 1155 2303 857 149
f 1156 2300 2303 1155
f 1157 2297 2300 1156
f 2306 2307 2310 2309
f 2307 2308 2311 2310
f 2309 2310 2313 2312
f 2310 2311 2314 2313
f 91 230 2306 811
f 230 229 2307 2306
f 229 228 2308 2307
f 228 101 862 2308
f 2308 862 861 2311
f 2311 861 860 2314
f 2314 860 103 830
f 2313 2314 830 831
f 2312 2313 831 832
f 809 2312 832 89
f 810 2309 2312 809
f 811 2306 2309 810
f 2315 2316 2319 2318
f 2316 2317 2320 2319
f 2318 2319 2322 2321
f 2319 2320 2323 2322
f 123 967 2315 994
f 967 966 2316 2315
f 966 965 2317 2316
f 965 116 934 2317
f 2317 934 933 2320
f 2320 933 932 2323
f 2323 932 118 962
f 2322 2323 962 963
f 2321 2322 963 964
f 992 2321 964 122
f 993 2318 2321 992
f 994 2315 2318 993
f 2324 2325 2328 2327
f 2325 2326 2329 2328
f 2327 2328 2331 2330
f 2328 2329 2332 2331
f 179 1302 2324 1277
f 1302 1303 2325 2324
f 1303 1304 2326 2325
f 1304 178 875 2326
f 2326 875 876 2329
f 2329 876 877 2332
f 2332 877 110 884
f 2331 2332 884 885
f 2330 2331 885 886
f 1275 2330 886 113
f 1276 2327 2330 1275
f 1277 2324 2327 1276
f 2333 2334 2337 2336
f 2334 2335 2338 2337
f 2336 2337 2340 2339
f 2337 2338 2341 2340
f 181 1299 2333 1283
f 1299 1300 2334 2333
f 1300 1301 2335 2334
f 1301 179 1277 2335
f 2335 1277 1276 2338
f 2338 1276 1275 2341
f 2341 1275 113 1026
f 2340 2341 1026 1027
f 2339 2340 1027 1028
f 1281 2339 1028 135
f 1282 2336 2339 1281
f 1283 2333 2336 1282
f 2342 2343 2346 2345
f 2343 2344 2347 2346
f 2345 2346 2349 2348
f 2346 2347 2350 2349
f 122 964 2342 991
f 964 963 2343 2342
f 963 962 2344 2343
f 962 118 937 2344
f 2344 937 936 2347
f 2347 936 935 2350
f 2350 935 119 871
f 2349 2350 871 870
f 2348 2349 870 869
f 989 2348 869 121
f 990 2345 2348 989
f 991 2342 2345 990
f 2351 2352 2355 2354
f 2352 2353 2356 2355
f 2354 2355 2358 2357
f 2355 2356 2359 2358
f 177 1264 2351 1245
f 1264 1265 2352 2351
f 1265 1266 2353 2352
f 1266 171 863 2353
f 2353 863 864 2356
f 2356 864 865 2359
f 2359 865 106 1095
f 2358 2359 1095 1096
f 2357 2358 1096 1097
f 1243 2357 1097 150
f 1244 2354 2357 1243
f 1245 2351 2354 1244
f 2360 2361 2364 2363
f 2361 2362 2365 2364
f 2363 2364 2367 2366
f 2364 2365 2368 2367
f 153 1106 2360 1151
f 1106 1105 2361 2360
f 1105 1104 2362 2361
f 1104 109 887 2362
f 2362 887 888 2365
f 2365 888 889 2368
f 2368 889 114 1089
f 2367 2368 1089 1090
f 2366 2367 1090 1091
f 1149 2366 1091 148
f 1150 2363 2366 1149
f 1151 2360 2363 1150
f 2369 2370 2373 2372
f 2370 2371 2374 2373
f 2372 2373 2376 2375
f 2373 2374 2377 2376
f 157 1032 2369 1148
f 1032 1033 2370 2369
f 1033 1034 2371 2370
f 1034 135 1028 2371
f 2371 1028 1027 2374
f 2374 1027 1026 2377
f 2377 1026 113 919
f 2376 2377 919 918
f 2375 2376 918 917
f 1146 2375 917 155
f 1147 2372 2375 1146
f 1148 2369 2372 1147
f 2378 2379 2382 2381
f 2379 2380 2383 2382
f 2381 2382 2385 2384
f 2382 2383 2386 2385
f 147 806 2378 1145
f 806 807 2379 2378
f 807 808 2380 2379
f 808 108 880 2380
f 2380 880 879 2383
f 2383 879 878 2386
f 2386 878 111 1113
f 2385 2386 1113 1114
f 2384 2385 1114 1115
f 1143 2384 1115 156
f 1144 2381 2384 1143
f 1145 2378 2381 1144
f 2387 2388 2391 2390
f 2388 2389 2392 2391
f 2390 2391 2394 2393
f 2391 2392 2395 2394
f 155 917 2387 1142
f 917 918 2388 2387
f 918 919 2389 2388
f 919 113 886 2389
f 2389 886 885 2392
f 2392 885 884 2395
f 2395 884 110 1107
f 2394 2395 1107 1108
f 2393 2394 1108 1109
f 1140 2393 1109 154
f 1141 2390 2393 1140
f 1142 2387 2390 1141
f 2396 2397 2400 2399
f 2397 2398 2401 2400
f 2399 2400 2403 2402
f 2400 2401 2404 2403
f 172 1261 2396 923
f 1261 1262 2397 2396
f 1262 1263 2398 2397
f 1263 173 929 2398
f 2398 929 930 2401
f 2401 930 931 2404
f 2404 931 118 932
f 2403 2404 932 933
f 2402 2403 933 934
f 925 2402 934 116
f 924 2399 2402 925
f 923 2396 2399 924
f 2405 2406 2409 2408
f 2406 2407 2410 2409
f 2408 2409 2412 2411
f 2409 2410 2413 2412
f 173 1258 2405 929
f 1258 1259 2406 2405
f 1259 1260 2407 2406
f 1260 174 1236 2407
f 2407 1236 1235 2410
f 2410 1235 1234 2413
f 2413 1234 119 935
f 2412 2413 935 936
f 2411 2412 936 937
f 931 2411 937 118
f 930 2408 2411 931
f 929 2405 2408 930
f 2414 2415 2418 2417
f 2415 2416 2419 2418
f 2417 2418 2421 2420
f 2418 2419 2422 2421
f 180 1296 2414 899
f 1296 1297 2415 2414
f 1297 1298 2416 2415
f 2421 2422 1010 1009
f 2420 2421 1009 1008
f 901 2420 1008 112
f 900 2417 2420 901
f 899 2414 2417 900
f 2423 2424 2427 2426
f 2424 2425 2428 2427
f 2426 2427 2430 2429
f 2427 2428 2431 2430
f 126 976 2423 985
f 976 975 2424 2423
f 975 974 2425 2424
f 974 117 928 2425
f 2425 928 927 2428
f 2428 927 926 2431
f 2431 926 115 955
f 2430 2431 955 954
f 2429 2430 954 953
f 983 2429 953 125
f 984 2426 2429 983
f 985 2423 2426 984
f 2432 2433 2436 2435
f 2433 2434 2437 2436
f 2435 2436 2439 2438
f 2436 2437 2440 2439
f 124 950 2432 982
f 950 951 2433 2432
f 951 952 2434 2433
f 952 120 938 2434
f 2434 938 939 2437
f 2437 939 940 2440
f 2440 940 117 974
f 2439 2440 974 975
f 2438 2439 975 976
f 980 2438 976 126
f 981 2435 2438 980
f 982 2432 2435 981
f 2441 2442 2445 2444
f 2442 2443 2446 2445
f 2444 2445 2448 2447
f 2445 2446 2449 2448
f 175 1255 2441 1239
f 1255 1256 2442 2441
f 1256 1257 2443 2442
f 1257 172 923 2443
f 2443 923 924 2446
f 2446 924 925 2449
f 2449 925 116 965
f 2448 2449 965 966
f 2447 2448 966 967
f 1237 2447 967 123
f 1238 2444 2447 1237
f 1239 2441 2444 1238
f 2450 2451 2454 2453
f 2451 2452 2455 2454
f 2453 2454 2457 2456
f 2454 2455 2458 2457
f 171 1252 2450 863
f 1252 1253 2451 2450
f 1253 1254 2452 2451
f 1254 175 1239 2452
f 2452 1239 1238 2455
f 2455 1238 1237 2458
f 2458 1237 123 947
f 2457 2458 947 948
f 2456 2457 948 949
f 865 2456 949 106
f 864 2453 2456 865
f 863 2450 2453 864
f 2459 2460 2463 2462
f 2460 2461 2464 2463
f 2462 2463 2466 2465
f 2463 2464 2467 2466
f 112 968 2459 881
f 968 969 2460 2459
f 969 970 2461 2460
f 970 124 982 2461
f 2461 982 981 2464
f 2464 981 980 2467
f 2467 980 126 956
f 2466 2467 956 957
f 2465 2466 957 958
f 883 2465 958 107
f 882 2462 2465 883
f 881 2459 2462 882
f 2468 2469 2472 2471
f 2469 2470 2473 2472
f 2471 2472 2475 2474
f 2472 2473 2476 2475
f 107 958 2468 868
f 958 957 2469 2468
f 957 956 2470 2469
f 956 126 985 2470
f 2470 985 984 2473
f 2473 984 983 2476
f 2476 983 125 973
f 2475 2476 973 972
f 2474 2475 972 971
f 866 2474 971 105
f 867 2471 2474 866
f 868 2468 2471 867
f 2477 2478 2481 2480
f 2478 2479 2482 2481
f 2480 2481 2484 2483
f 2481 2482 2485 2484
f 124 1007 2477 950
f 1007 1006 2478 2477
f 1006 1005 2479 2478
f 1005 130 1001 2479
f 2479 1001 1002 2482
f 2482 1002 1003 2485
f 2485 1003 128 988
f 2484 2485 988 987
f 2483 2484 987 986
f 952 2483 986 120
f 951 2480 2483 952
f 950 2477 2480 951
f 2486 2487 2490 2489
f 2487 2488 2491 2490
f 2489 2490 2493 2492
f 2490 2491 2494 2493
f 108 946 2486 880
f 946 945 2487 2486
f 945 944 2488 2487
f 944 122 991 2488
f 2488 991 990 2491
f 2491 990 989 2494
f 2494 989 121 961
f 2493 2494 961 960
f 2492 2493 960 959
f 878 2492 959 111
f 879 2489 2492 878
f 880 2486 2489 879
f 2495 2496 2499 2498
f 2496 2497 2500 2499
f 2498 2499 2502 2501
f 2499 2500 2503 2502
f 106 949 2495 874
f 949 948 2496 2495
f 948 947 2497 2496
f 947 123 994 2497
f 2497 994 993 2500
f 2500 993 992 2503
f 2503 992 122 944
f 2502 2503 944 945
f 2501 2502 945 946
f 872 2501 946 108
f 873 2498 2501 872
f 874 2495 2498 873
f 2504 2505 2508 2507
f 2505 2506 2509 2508
f 2507 2508 2511 2510
f 2508 2509 2512 2511
f 121 1016 2504 961
f 1016 1015 2505 2504
f 1015 1014 2506 2505
f 1014 129 1004 2506
f 2511 2512 1011 1012
f 2510 2511 1012 1013
f 959 2510 1013 111
f 960 2507 2510 959
f 961 2504 2507 960
f 2513 2514 2517 2516
f 2514 2515 2518 2517
f 2516 2517 2520 2519
f 2517 2518 2521 2520
f 174 1249 2513 1236
f 1249 1250 2514 2513
f 1250 1251 2515 2514
f 1251 176 1242 2515
f 2515 1242 1241 2518
f 2518 1241 1240 2521
f 2521 1240 127 1019
f 2520 2521 1019 1018
f 2519 2520 1018 1017
f 1234 2519 1017 119
f 1235 2516 2519 1234
f 1236 2513 2516 1235
f 2522 2523 2526 2525
f 2523 2524 2527 2526
f 2525 2526 2529 2528
f 2526 2527 2530 2529
f 112 1008 2522 968
f 1008 1009 2523 2522
f 1009 1010 2524 2523
f 2529 2530 1005 1006
f 2528 2529 1006 1007
f 970 2528 1007 124
f 969 2525 2528 970
f 968 2522 2525 969
f 2531 2532 2535 2534
f 2532 2533 2536 2535
f 2534 2535 2538 2537
f 2535 2536 2539 2538
f 119 1017 2531 871
f 1017 1018 2532 2531
f 1018 1019 2533 2532
f 1019 127 997 2533
f 2533 997 996 2536
f 2536 996 995 2539
f 2539 995 129 1014
f 2538 2539 1014 1015
f 2537 2538 1015 1016
f 869 2537 1016 121
f 870 2534 2537 869
f 871 2531 2534 870
f 2540 2541 2544 2543
f 2541 2542 2545 2544
f 2543 2544 2547 2546
f 2544 2545 2548 2547
f 156 1115 2540 1139
f 1115 1114 2541 2540
f 1114 1113 2542 2541
f 1113 111 895 2542
f 2542 895 894 2545
f 2545 894 893 2548
f 2548 893 135 1034
f 2547 2548 1034 1033
f 2546 2547 1033 1032
f 1137 2546 1032 157
f 1138 2543 2546 1137
f 1139 2540 2543 1138
f 2549 2550 2553 2552
f 2550 2551 2554 2553
f 2552 2553 2556 2555
f 2553 2554 2557 2556
f 180 1293 2549 1280
f 1293 1294 2550 2549
f 1294 1295 2551 2550
f 1295 181 1283 2551
f 2551 1283 1282 2554
f 2554 1282 1281 2557
f 2557 1281 135 893
f 2556 2557 893 894
f 2555 2556 894 895
f 1278 2555 895 111
f 1279 2552 2555 1278
f 1280 2549 2552 1279
f 2558 2559 2562 2561
f 2559 2560 2563 2562
f 2561 2562 2565 2564
f 2562 2563 2566 2565
f 148 1091 2558 1136
f 1091 1090 2559 2558
f 1090 1089 2560 2559
f 1089 114 1029 2560
f 2560 1029 1030 2563
f 2563 1030 1031 2566
f 2566 1031 136 1040
f 2565 2566 1040 1039
f 2564 2565 1039 1038
f 1134 2564 1038 158
f 1135 2561 2564 1134
f 1136 2558 2561 1135
f 2567 2568 2571 2570
f 2568 2569 2572 2571
f 2570 2571 2574 2573
f 2571 2572 2575 2574
f 102 850 2567 856
f 850 849 2568 2567
f 849 848 2569 2568
f 848 133 1043 2569
f 2569 1043 1042 2572
f 2572 1042 1041 2575
f 2575 1041 131 463
f 2574 2575 463 462
f 2573 2574 462 461
f 854 2573 461 104
f 855 2570 2573 854
f 856 2567 2570 855
f 2576 2577 2580 2579
f 2577 2578 2581 2580
f 2579 2580 2583 2582
f 2580 2581 2584 2583
f 101 284 2576 862
f 284 283 2577 2576
f 283 282 2578 2577
f 282 132 1046 2578
f 2578 1046 1045 2581
f 2581 1045 1044 2584
f 2584 1044 134 851
f 2583 2584 851 852
f 2582 2583 852 853
f 860 2582 853 103
f 861 2579 2582 860
f 862 2576 2579 861
f 2585 2586 2589 2588
f 2586 2587 2590 2589
f 2588 2589 2592 2591
f 2589 2590 2593 2592
f 142 500 2585 1064
f 500 501 2586 2585
f 501 502 2587 2586
f 502 139 1055 2587
f 2587 1055 1054 2590
f 2590 1054 1053 2593
f 2593 1053 137 1049
f 2592 2593 1049 1048
f 2591 2592 1048 1047
f 1062 2591 1047 141
f 1063 2588 2591 1062
f 1064 2585 2588 1063
f 2594 2595 2598 2597
f 2595 2596 2599 2598
f 2597 2598 2601 2600
f 2598 2599 2602 2601
f 167 503 2594 1219
f 503 504 2595 2594
f 504 505 2596 2595
f 505 140 1058 2596
f 2596 1058 1057 2599
f 2599 1057 1056 2602
f 2602 1056 138 1052
f 2601 2602 1052 1051
f 2600 2601 1051 1050
f 1217 2600 1050 166
f 1218 2597 2600 1217
f 1219 2594 2597 1218
f 2603 2604 2607 2606
f 2604 2605 2608 2607
f 2606 2607 2610 2609
f 2607 2608 2611 2610
f 95 515 2603 823
f 515 516 2604 2603
f 516 517 2605 2604
f 517 142 1064 2605
f 2605 1064 1063 2608
f 2608 1063 1062 2611
f 2611 1062 141 1061
f 2610 2611 1061 1060
f 2609 2610 1060 1059
f 821 2609 1059 93
f 822 2606 2609 821
f 823 2603 2606 822
f 2612 2613 2616 2615
f 2613 2614 2617 2616
f 2615 2616 2619 2618
f 2616 2617 2620 2619
f 140 524 2612 1058
f 524 525 2613 2612
f 525 526 2614 2613
f 526 144 1070 2614
f 2614 1070 1069 2617
f 2617 1069 1068 2620
f 2620 1068 143 1067
f 2619 2620 1067 1066
f 2618 2619 1066 1065
f 1056 2618 1065 138
f 1057 2615 2618 1056
f 1058 2612 2615 1057
f 2621 2622 2625 2624
f 2622 2623 2626 2625
f 2624 2625 2628 2627
f 2625 2626 2629 2628
f 153 1131 2621 1106
f 1131 1132 2622 2621
f 1132 1133 2623 2622
f 1133 159 1124 2623
f 2623 1124 1123 2626
f 2626 1123 1122 2629
f 2629 1122 146 1082
f 2628 2629 1082 1081
f 2627 2628 1081 1080
f 1104 2627 1080 109
f 1105 2624 2627 1104
f 1106 2621 2624 1105
f 2630 2631 2634 2633
f 2631 2632 2635 2634
f 2633 2634 2637 2636
f 2634 2635 2638 2637
f 154 1109 2630 1130
f 1109 1108 2631 2630
f 1108 1107 2632 2631
f 1107 110 1076 2632
f 2632 1076 1075 2635
f 2635 1075 1074 2638
f 2638 1074 145 1079
f 2637 2638 1079 1078
f 2636 2637 1078 1077
f 1128 2636 1077 160
f 1129 2633 2636 1128
f 1130 2630 2633 1129
f 2639 2640 2643 2642
f 2640 2641 2644 2643
f 2642 2643 2646 2645
f 2643 2644 2647 2646
f 178 1290 2639 875
f 1290 1291 2640 2639
f 1291 1292 2641 2640
f 1292 182 1286 2641
f 2641 1286 1285 2644
f 2644 1285 1284 2647
f 2647 1284 145 1074
f 2646 2647 1074 1075
f 2645 2646 1075 1076
f 877 2645 1076 110
f 876 2642 2645 877
f 875 2639 2642 876
f 2648 2649 2652 2651
f 2649 2650 2653 2652
f 2651 2652 2655 2654
f 2652 2653 2656 2655
f 94 916 2648 820
f 916 915 2649 2648
f 915 914 2650 2649
f 914 154 1130 2650
f 2650 1130 1129 2653
f 2653 1129 1128 2656
f 2656 1128 160 1127
f 2655 2656 1127 1126
f 2654 2655 1126 1125
f 818 2654 1125 143
f 819 2651 2654 818
f 820 2648 2651 819
f 2657 2658 2661 2660
f 2658 2659 2662 2661
f 2660 2661 2664 2663
f 2661 2662 2665 2664
f 93 1059 2657 913
f 1059 1060 2658 2657
f 1060 1061 2659 2658
f 1061 141 1073 2659
f 2659 1073 1072 2662
f 2662 1072 1071 2665
f 2665 1071 159 1133
f 2664 2665 1133 1132
f 2663 2664 1132 1131
f 911 2663 1131 153
f 912 2660 2663 911
f 913 2657 2660 912
f 2666 2667 2670 2669
f 2667 2668 2671 2670
f 2669 2670 2673 2672
f 2670 2671 2674 2673
f 100 844 2666 1023
f 844 843 2667 2666
f 843 842 2668 2667
f 842 148 1136 2668
f 2668 1136 1135 2671
f 2671 1135 1134 2674
f 2674 1134 158 1121
f 2673 2674 1121 1120
f 2672 2673 1120 1119
f 1025 2672 1119 134
f 1024 2669 2672 1025
f 1023 2666 2669 1024
f 2675 2676 2679 2678
f 2676 2677 2680 2679
f 2678 2679 2682 2681
f 2679 2680 2683 2682
f 102 922 2675 850
f 922 921 2676 2675
f 921 920 2677 2676
f 920 156 1139 2677
f 2677 1139 1138 2680
f 2680 1138 1137 2683
f 2683 1137 157 1118
f 2682 2683 1118 1117
f 2681 2682 1117 1116
f 848 2681 1116 133
f 849 2678 2681 848
f 850 2675 2678 849
f 2684 2685 2688 2687
f 2685 2686 2689 2688
f 2687 2688 2691 2690
f 2688 2689 2692 2691
f 99 1110 2684 835
f 1110 1111 2685 2684
f 1111 1112 2686 2685
f 1112 155 1142 2686
f 2686 1142 1141 2689
f 2689 1141 1140 2692
f 2692 1140 154 914
f 2691 2692 914 915
f 2690 2691 915 916
f 833 2690 916 94
f 834 2687 2690 833
f 835 2684 2687 834
f 2693 2694 2697 2696
f 2694 2695 2698 2697
f 2696 2697 2700 2699
f 2697 2698 2701 2700
f 90 1086 2693 829
f 1086 1087 2694 2693
f 1087 1088 2695 2694
f 1088 147 1145 2695
f 2695 1145 1144 2698
f 2698 1144 1143 2701
f 2701 1143 156 920
f 2700 2701 920 921
f 2699 2700 921 922
f 827 2699 922 102
f 828 2696 2699 827
f 829 2693 2696 828
f 2702 2703 2706 2705
f 2703 2704 2707 2706
f 2705 2706 2709 2708
f 2706 2707 2710 2709
f 133 1116 2702 1022
f 1116 1117 2703 2702
f 1117 1118 2704 2703
f 1118 157 1148 2704
f 2704 1148 1147 2707
f 2707 1147 1146 2710
f 2710 1146 155 1112
f 2709 2710 1112 1111
f 2708 2709 1111 1110
f 1020 2708 1110 99
f 1021 2705 2708 1020
f 1022 2702 2705 1021
f 2711 2712 2715 2714
f 2712 2713 2716 2715
f 2714 2715 2718 2717
f 2715 2716 2719 2718
f 93 913 2711 836
f 913 912 2712 2711
f 912 911 2713 2712
f 911 153 1151 2713
f 2713 1151 1150 2716
f 2716 1150 1149 2719
f 2719 1149 148 842
f 2718 2719 842 843
f 2717 2718 843 844
f 838 2717 844 100
f 837 2714 2717 838
f 836 2711 2714 837
f 2720 2721 2724 2723
f 2721 2722 2725 2724
f 2723 2724 2727 2726
f 2724 2725 2728 2727
f 170 1246 2720 791
f 1246 1247 2721 2720
f 1247 1248 2722 2721
f 1248 177 1245 2722
f 2722 1245 1244 2725
f 2725 1244 1243 2728
f 2728 1243 150 902
f 2727 2728 902 903
f 2726 2727 903 904
f 793 2726 904 86
f 792 2723 2726 793
f 791 2720 2723 792
f 2729 2730 2733 2732
f 2730 2731 2734 2733
f 2732 2733 2736 2735
f 2733 2734 2737 2736
f 134 1119 2729 851
f 1119 1120 2730 2729
f 1120 1121 2731 2730
f 1121 158 1157 2731
f 2731 1157 1156 2734
f 2734 1156 1155 2737
f 2737 1155 149 1094
f 2736 2737 1094 1093
f 2735 2736 1093 1092
f 853 2735 1092 103
f 852 2732 2735 853
f 851 2729 2732 852
f 2738 2739 2742 2741
f 2739 2740 2743 2742
f 2741 2742 2745 2744
f 2742 2743 2746 2745
f 86 904 2738 817
f 904 903 2739 2738
f 903 902 2740 2739
f 902 150 1160 2740
f 2740 1160 1159 2743
f 2743 1159 1158 2746
f 2746 1158 147 1088
f 2745 2746 1088 1087
f 2744 2745 1087 1086
f 815 2744 1086 90
f 816 2741 2744 815
f 817 2738 2741 816
f 2747 2748 2751 2750
f 2748 2749 2752 2751
f 2750 2751 2754 2753
f 2751 2752 2755 2754
f 89 910 2747 802
f 910 909 2748 2747
f 909 908 2749 2748
f 908 152 1163 2749
f 2749 1163 1162 2752
f 2752 1162 1161 2755
f 2755 1161 151 1100
f 2754 2755 1100 1099
f 2753 2754 1099 1098
f 800 2753 1098 85
f 801 2750 2753 800
f 802 2747 2750 801
f 2756 2757 2760 2759
f 2757 2758 2761 2760
f 2759 2760 2763 2762
f 2760 2761 2764 2763
f 103 1092 2756 830
f 1092 1093 2757 2756
f 1093 1094 2758 2757
f 1094 149 1166 2758
f 2758 1166 1165 2761
f 2761 1165 1164 2764
f 2764 1164 152 908
f 2763 2764 908 909
f 2762 2763 909 910
f 832 2762 910 89
f 831 2759 2762 832
f 830 2756 2759 831
f 163 1183 2765 1206
f 168 1216 2766 1212
f 1210 2768 1173 164
f 1211 2767 2768 1210
f 1212 2766 2767 1211
f 165 1193 2769 1199
f 1197 2771 1183 163
f 1198 2770 2771 1197
f 1199 2769 2770 1198
f 164 1173 2772 1196
f 1194 2774 1193 165
f 1195 2773 2774 1194
f 1196 2772 2773 1195
f 2775 2776 2779 2778
f 2776 2777 2780 2779
f 2778 2779 2782 2781
f 2779 2780 2783 2782
f 137 1190 2775 1049
f 1190 1191 2776 2775
f 1191 1192 2777 2776
f 1192 164 1196 2777
f 2777 1196 1195 2780
f 2780 1195 1194 2783
f 2783 1194 165 1174
f 2782 2783 1174 1175
f 2781 2782 1175 1176
f 1047 2781 1176 141
f 1048 2778 2781 1047
f 1049 2775 2778 1048
f 2784 2785 2788 2787
f 2785 2786 2789 2788
f 2787 2788 2791 2790
f 2788 2789 2792 2791
f 160 1187 2784 1127
f 1187 1188 2785 2784
f 1188 1189 2786 2785
f 2791 2792 1167 1168
f 2790 2791 1168 1169
f 1125 2790 1169 143
f 1126 2787 2790 1125
f 1127 2784 2787 1126
f 2793 2794 2797 2796
f 2794 2795 2798 2797
f 2796 2797 2800 2799
f 2797 2798 2801 2800
f 141 1176 2793 1073
f 1176 1175 2794 2793
f 1175 1174 2795 2794
f 1174 165 1199 2795
f 2795 1199 1198 2798
f 2798 1198 1197 2801
f 2801 1197 163 1170
f 2800 2801 1170 1171
f 2799 2800 1171 1172
f 1071 2799 1172 159
f 1072 2796 2799 1071
f 1073 2793 2796 1072
f 2802 2803 2806 2805
f 2803 2804 2807 2806
f 2805 2806 2809 2808
f 2806 2807 2810 2809
f 166 1213 2802 1209
f 1213 1214 2803 2802
f 1214 1215 2804 2803
f 1215 168 1212 2804
f 2804 1212 1211 2807
f 2807 1211 1210 2810
f 2810 1210 164 1192
f 2809 2810 1192 1191
f 2808 2809 1191 1190
f 1207 2808 1190 137
f 1208 2805 2808 1207
f 1209 2802 2805 1208
f 2811 2812 2815 2814
f 2812 2813 2816 2815
f 2814 2815 2818 2817
f 2815 2816 2819 2818
f 145 1184 2811 1079
f 1184 1185 2812 2811
f 1185 1186 2813 2812
f 2818 2819 1189 1188
f 2817 2818 1188 1187
f 1077 2817 1187 160
f 1078 2814 2817 1077
f 1079 2811 2814 1078
f 2820 2821 2824 2823
f 2821 2822 2825 2824
f 2823 2824 2827 2826
f 2824 2825 2828 2827
f 182 1287 2820 1286
f 1287 1288 2821 2820
f 1288 1289 2822 2821
f 2827 2828 1186 1185
f 2826 2827 1185 1184
f 1284 2826 1184 145
f 1285 2823 2826 1284
f 1286 2820 2823 1285
f 2829 2830 2833 2832
f 2830 2831 2834 2833
f 2832 2833 2836 2835
f 2833 2834 2837 2836
f 159 1172 2829 1124
f 1172 1171 2830 2829
f 1171 1170 2831 2830
f 1170 163 1206 2831
f 2831 1206 1205 2834
f 2834 1205 1204 2837
f 2837 1204 162 1182
f 2836 2837 1182 1181
f 2835 2836 1181 1180
f 1122 2835 1180 146
f 1123 2832 2835 1122
f 1124 2829 2832 1123
f 2838 2839 2842 2841
f 2839 2840 2843 2842
f 2841 2842 2845 2844
f 2842 2843 2846 2845
f 143 1169 2838 1067
f 1169 1168 2839 2838
f 1168 1167 2840 2839
f 2845 2846 1179 1178
f 2844 2845 1178 1177
f 1065 2844 1177 138
f 1066 2841 2844 1065
f 1067 2838 2841 1066
f 2847 2848 2851 2850
f 2848 2849 2852 2851
f 2850 2851 2854 2853
f 2851 2852 2855 2854
f 138 1177 2847 1052
f 1177 1178 2848 2847
f 1178 1179 2849 2848
f 1179 161 1202 2849
f 2849 1202 1201 2852
f 2852 1201 1200 2855
f 2855 1200 168 1215
f 2854 2855 1215 1214
f 2853 2854 1214 1213
f 1050 2853 1213 166
f 1051 2850 2853 1050
f 1052 2847 2850 1051
f 1200 2858 1216 168
f 1201 2857 2858 1200
f 1202 2856 2857 1201
f 2859 2860 2863 2862
f 2860 2861 2864 2863
f 2862 2863 2866 2865
f 2863 2864 2867 2866
f 139 675 2859 1055
f 675 676 2860 2859
f 676 677 2861 2860
f 677 167 1219 2861
f 2861 1219 1218 2864
f 2864 1218 1217 2867
f 2867 1217 166 1209
f 2866 2867 1209 1208
f 2865 2866 1208 1207
f 1053 2865 1207 137
f 1054 2862 2865 1053
f 1055 2859 2862 1054
f 2868 2869 2872 2871
f 2869 2870 2873 2872
f 2871 2872 2875 2874
f 2872 2873 2876 2875
f 85 1098 2868 1222
f 1098 1099 2869 2868
f 1099 1100 2870 2869
f 1100 151 1154 2870
f 2870 1154 1153 2873
f 2873 1153 1152 2876
f 2876 1152 177 1248
f 2875 2876 1248 1247
f 2874 2875 1247 1246
f 1224 2874 1246 170
f 1223 2871 2874 1224
f 1222 2868 2871 1223
f 2877 2878 2881 2880
f 2878 2879 2882 2881
f 2880 2881 2884 2883
f 2881 2882 2885 2884
f 120 986 2877 943
f 986 987 2878 2877
f 987 988 2879 2878
f 988 128 1000 2879
f 2879 1000 999 2882
f 2882 999 998 2885
f 2885 998 176 1251
f 2884 2885 1251 1250
f 2883 2884 1250 1249
f 941 2883 1249 174
f 942 2880 2883 941
f 943 2877 2880 942
f 2886 2887 2890 2889
f 2887 2888 2891 2890
f 2889 2890 2893 2892
f 2890 2891 2894 2893
f 105 971 2886 1225
f 971 972 2887 2886
f 972 973 2888 2887
f 973 125 979 2888
f 2888 979 978 2891
f 2891 978 977 2894
f 2894 977 175 1254
f 2893 2894 1254 1253
f 2892 2893 1253 1252
f 1227 2892 1252 171
f 1226 2889 2892 1227
f 1225 2886 2889 1226
f 2895 2896 2899 2898
f 2896 2897 2900 2899
f 2898 2899 2902 2901
f 2899 2900 2903 2902
f 125 953 2895 979
f 953 954 2896 2895
f 954 955 2897 2896
f 955 115 1228 2897
f 2897 1228 1229 2900
f 2900 1229 1230 2903
f 2903 1230 172 1257
f 2902 2903 1257 1256
f 2901 2902 1256 1255
f 977 2901 1255 175
f 978 2898 2901 977
f 979 2895 2898 978
f 2904 2905 2908 2907
f 2905 2906 2909 2908
f 2907 2908 2911 2910
f 2908 2909 2912 2911
f 117 940 2904 1231
f 940 939 2905 2904
f 939 938 2906 2905
f 938 120 943 2906
f 2906 943 942 2909
f 2909 942 941 2912
f 2912 941 174 1260
f 2911 2912 1260 1259
f 2910 2911 1259 1258
f 1233 2910 1258 173
f 1232 2907 2910 1233
f 1231 2904 2907 1232
f 2913 2914 2917 2916
f 2914 2915 2918 2917
f 2916 2917 2920 2919
f 2917 2918 2921 2920
f 115 926 2913 1228
f 926 927 2914 2913
f 927 928 2915 2914
f 928 117 1231 2915
f 2915 1231 1232 2918
f 2918 1232 1233 2921
f 2921 1233 173 1263
f 2920 2921 1263 1262
f 2919 2920 1262 1261
f 1230 2919 1261 172
f 1229 2916 2919 1230
f 1228 2913 2916 1229
f 2922 2923 2926 2925
f 2923 2924 2927 2926
f 2925 2926 2929 2928
f 2926 2927 2930 2929
f 151 905 2922 1154
f 905 906 2923 2922
f 906 907 2924 2923
f 907 105 1225 2924
f 2924 1225 1226 2927
f 2927 1226 1227 2930
f 2930 1227 171 1266
f 2929 2930 1266 1265
f 2928 2929 1265 1264
f 1152 2928 1264 177
f 1153 2925 2928 1152
f 1154 2922 2925 1153
f 2931 2932 2935 2934
f 2932 2933 2936 2935
f 2934 2935 2938 2937
f 2935 2936 2939 2938
f 790 789 2932 2931
f 789 788 2933 2932
f 788 85 1222 2933
f 2933 1222 1223 2936
f 2936 1223 1224 2939
f 2939 1224 170 1269
f 2938 2939 1269 1268
f 2937 2938 1268 1267
f 1221 2937 1267 169
f 1220 2934 2937 1221
f 2940 2941 2944 2943
f 2941 2942 2945 2944
f 2943 2944 2947 2946
f 2944 2945 2948 2947
f 146 1180 2940 1085
f 1180 1181 2941 2940
f 1181 1182 2942 2941
f 1182 162 1203 2942
f 2947 2948 1289 1288
f 2946 2947 1288 1287
f 1083 2946 1287 182
f 1084 2943 2946 1083
f 1085 2940 2943 1084
f 2949 2950 2953 2952
f 2950 2951 2954 2953
f 2952 2953 2956 2955
f 2953 2954 2957 2956
f 109 1080 2949 1272
f 1080 1081 2950 2949
f 1081 1082 2951 2950
f 1082 146 1085 2951
f 2951 1085 1084 2954
f 2954 1084 1083 2957
f 2957 1083 182 1292
f 2956 2957 1292 1291
f 2955 2956 1291 1290
f 1274 2955 1290 178
f 1273 2952 2955 1274
f 1272 2949 2952 1273
f 2958 2959 2962 2961
f 2959 2960 2963 2962
f 2961 2962 2965 2964
f 2962 2963 2966 2965
f 112 898 2958 901
f 898 897 2959 2958
f 897 896 2960 2959
f 896 136 1037 2960
f 2960 1037 1036 2963
f 2963 1036 1035 2966
f 2966 1035 181 1295
f 2965 2966 1295 1294
f 2964 2965 1294 1293
f 899 2964 1293 180
f 900 2961 2964 899
f 901 2958 2961 900
f 2967 2968 2971 2970
f 2968 2969 2972 2971
f 2970 2971 2974 2973
f 2971 2972 2975 2974
f 111 1013 2967 1278
f 1013 1012 2968 2967
f 1012 1011 2969 2968
f 2974 2975 1298 1297
f 2973 2974 1297 1296
f 1280 2973 1296 180
f 1279 2970 2973 1280
f 1278 2967 2970 1279
f 2976 2977 2980 2979
f 2977 2978 2981 2980
f 2979 2980 2983 2982
f 2980 2981 2984 2983
f 136 1031 2976 1037
f 1031 1030 2977 2976
f 1030 1029 2978 2977
f 1029 114 892 2978
f 2978 892 891 2981
f 2981 891 890 2984
f 2984 890 179 1301
f 2983 2984 1301 1300
f 2982 2983 1300 1299
f 1035 2982 1299 181
f 1036 2979 2982 1035
f 1037 2976 2979 1036
f 2985 2986 2989 2988
f 2986 2987 2990 2989
f 2988 2989 2992 2991
f 2989 2990 2993 2992
f 114 889 2985 892
f 889 888 2986 2985
f 888 887 2987 2986
f 887 109 1272 2987
f 2987 1272 1273 2990
f 2990 1273 1274 2993
f 2993 1274 178 1304
f 2992 2993 1304 1303
f 2991 2992 1303 1302
f 890 2991 1302 179
f 891 2988 2991 890
f 892 2985 2988 891
f 176 1307 2994 1242
f 1240 2996 1306 127
f 1241 2995 2996 1240
f 1242 2994 2995 1241
f 127 1306 2997 997
f 997 2997 2998 996
f 128 1305 2999 1000
f 998 3001 1307 176
f 999 3000 3001 998
f 1000 2999 3000 999
f 1221 169 1271 3002
f 3003 3004 3007 3006
f 3004 3005 3008 3007
f 169 779 3003 1271
f 779 780 3004 3003
f 780 781 3005 3004
f 781 83 784 3005
f 3005 784 783 3008
f 1271 3003 3006 1270
f 3009 3010 3012 3011
f 3011 3012 3014 3013
f 83 777 3009 784
f 777 778 3010 3009
f 783 3011 3013 782
f 784 3009 3011 783
f 649 650 1943 1944 1945 627 1994 671 670 669 1906 626 2006 2009 2010 2011 2012 686 1914 1915 1916 635 1927 1924 1925 1926 654 1920 1917 1918 1919 645 1907 668 667 666 63 665 2100 2101 2102 759 1976 1977 1978 1975 647 1967 1968 1969
f 1193 2774 2773 2772 1173 2768 2767 2766 1216 2858 2857 2856 1202 161 1179 2846 2843 2840 1167 2792 2789 2786 1189 2819 2816 2813 1186 2828 2825 2822 1289 2948 2945 2942 1203 162 1204 1205 1206 2765 1183 2771 2770 2769
